subject,encode_phase,condition,source_memory,run,roi,pe
2,baseline,CSp,baseline,1,cuneus,
2,baseline,CSp,baseline,2,cuneus,10.951179
2,baseline,CSp,baseline,3,cuneus,53.016613
2,baseline,CSp,acquisition,1,cuneus,-21.04245
2,baseline,CSp,acquisition,2,cuneus,39.48823
2,baseline,CSp,acquisition,3,cuneus,26.4562
2,baseline,CSp,extinction,1,cuneus,-34.046356
2,baseline,CSp,extinction,2,cuneus,
2,baseline,CSp,extinction,3,cuneus,-1.1307312
2,baseline,CSm,baseline,1,cuneus,41.010548
2,baseline,CSm,baseline,2,cuneus,-14.436179
2,baseline,CSm,baseline,3,cuneus,72.35995
2,baseline,CSm,acquisition,1,cuneus,-1.5411568
2,baseline,CSm,acquisition,2,cuneus,17.574802
2,baseline,CSm,acquisition,3,cuneus,28.845394
2,baseline,CSm,extinction,1,cuneus,-46.119522
2,baseline,CSm,extinction,2,cuneus,14.105218
2,baseline,CSm,extinction,3,cuneus,-2.9516175
2,acquisition,CSp,baseline,1,cuneus,6.5233326
2,acquisition,CSp,baseline,2,cuneus,-22.215092
2,acquisition,CSp,baseline,3,cuneus,31.316673
2,acquisition,CSp,acquisition,1,cuneus,-38.614113
2,acquisition,CSp,acquisition,2,cuneus,-16.36388
2,acquisition,CSp,acquisition,3,cuneus,22.442759
2,acquisition,CSp,extinction,1,cuneus,27.691402
2,acquisition,CSp,extinction,2,cuneus,-5.129921
2,acquisition,CSp,extinction,3,cuneus,
2,acquisition,CSm,baseline,1,cuneus,46.216736
2,acquisition,CSm,baseline,2,cuneus,51.16887
2,acquisition,CSm,baseline,3,cuneus,17.558758
2,acquisition,CSm,acquisition,1,cuneus,33.608204
2,acquisition,CSm,acquisition,2,cuneus,27.432158
2,acquisition,CSm,acquisition,3,cuneus,-1.21114
2,acquisition,CSm,extinction,1,cuneus,
2,acquisition,CSm,extinction,2,cuneus,19.555347
2,acquisition,CSm,extinction,3,cuneus,50.894226
2,extinction,CSp,baseline,1,cuneus,29.550386
2,extinction,CSp,baseline,2,cuneus,-92.0313
2,extinction,CSp,baseline,3,cuneus,-20.280941
2,extinction,CSp,acquisition,1,cuneus,10.706934
2,extinction,CSp,acquisition,2,cuneus,-4.973641
2,extinction,CSp,acquisition,3,cuneus,11.69776
2,extinction,CSp,extinction,1,cuneus,-55.44058
2,extinction,CSp,extinction,2,cuneus,48.099125
2,extinction,CSp,extinction,3,cuneus,-0.2618538
2,extinction,CSm,baseline,1,cuneus,19.4074
2,extinction,CSm,baseline,2,cuneus,32.962772
2,extinction,CSm,baseline,3,cuneus,46.918255
2,extinction,CSm,acquisition,1,cuneus,-48.728214
2,extinction,CSm,acquisition,2,cuneus,93.5421
2,extinction,CSm,acquisition,3,cuneus,44.810005
2,extinction,CSm,extinction,1,cuneus,29.36757
2,extinction,CSm,extinction,2,cuneus,89.08022
2,extinction,CSm,extinction,3,cuneus,-62.297935
3,baseline,CSp,baseline,1,cuneus,94.71623
3,baseline,CSp,baseline,2,cuneus,71.838234
3,baseline,CSp,baseline,3,cuneus,91.281784
3,baseline,CSp,acquisition,1,cuneus,8.350571
3,baseline,CSp,acquisition,2,cuneus,148.84637
3,baseline,CSp,acquisition,3,cuneus,10.410602
3,baseline,CSp,extinction,1,cuneus,67.76851
3,baseline,CSp,extinction,2,cuneus,-163.0667
3,baseline,CSp,extinction,3,cuneus,125.741
3,baseline,CSm,baseline,1,cuneus,50.310772
3,baseline,CSm,baseline,2,cuneus,82.87798
3,baseline,CSm,baseline,3,cuneus,-66.80586
3,baseline,CSm,acquisition,1,cuneus,15.176774
3,baseline,CSm,acquisition,2,cuneus,8.256148
3,baseline,CSm,acquisition,3,cuneus,41.271065
3,baseline,CSm,extinction,1,cuneus,
3,baseline,CSm,extinction,2,cuneus,87.05276
3,baseline,CSm,extinction,3,cuneus,23.791275
3,acquisition,CSp,baseline,1,cuneus,73.30869
3,acquisition,CSp,baseline,2,cuneus,
3,acquisition,CSp,baseline,3,cuneus,50.52849
3,acquisition,CSp,acquisition,1,cuneus,23.881067
3,acquisition,CSp,acquisition,2,cuneus,172.2436
3,acquisition,CSp,acquisition,3,cuneus,98.376305
3,acquisition,CSp,extinction,1,cuneus,19.791224
3,acquisition,CSp,extinction,2,cuneus,30.058353
3,acquisition,CSp,extinction,3,cuneus,115.4547
3,acquisition,CSm,baseline,1,cuneus,67.301994
3,acquisition,CSm,baseline,2,cuneus,69.65462
3,acquisition,CSm,baseline,3,cuneus,-63.665253
3,acquisition,CSm,acquisition,1,cuneus,5.9283547
3,acquisition,CSm,acquisition,2,cuneus,127.30692
3,acquisition,CSm,acquisition,3,cuneus,178.61671
3,acquisition,CSm,extinction,1,cuneus,77.39491
3,acquisition,CSm,extinction,2,cuneus,135.78828
3,acquisition,CSm,extinction,3,cuneus,159.17097
3,extinction,CSp,baseline,1,cuneus,-16.480932
3,extinction,CSp,baseline,2,cuneus,-54.33815
3,extinction,CSp,baseline,3,cuneus,3.016927
3,extinction,CSp,acquisition,1,cuneus,-33.248734
3,extinction,CSp,acquisition,2,cuneus,104.56929
3,extinction,CSp,acquisition,3,cuneus,-112.50644
3,extinction,CSp,extinction,1,cuneus,70.58353
3,extinction,CSp,extinction,2,cuneus,78.96574
3,extinction,CSp,extinction,3,cuneus,-79.68688
3,extinction,CSm,baseline,1,cuneus,132.24654
3,extinction,CSm,baseline,2,cuneus,133.92877
3,extinction,CSm,baseline,3,cuneus,-40.98082
3,extinction,CSm,acquisition,1,cuneus,63.03211
3,extinction,CSm,acquisition,2,cuneus,79.80777
3,extinction,CSm,acquisition,3,cuneus,24.660028
3,extinction,CSm,extinction,1,cuneus,86.7575
3,extinction,CSm,extinction,2,cuneus,154.32106
3,extinction,CSm,extinction,3,cuneus,39.17827
4,baseline,CSp,baseline,1,cuneus,-18.819813
4,baseline,CSp,baseline,2,cuneus,28.17318
4,baseline,CSp,baseline,3,cuneus,-40.50662
4,baseline,CSp,acquisition,1,cuneus,29.095163
4,baseline,CSp,acquisition,2,cuneus,-28.179565
4,baseline,CSp,acquisition,3,cuneus,-122.9128
4,baseline,CSp,extinction,1,cuneus,-44.16331
4,baseline,CSp,extinction,2,cuneus,-25.952833
4,baseline,CSp,extinction,3,cuneus,-60.100357
4,baseline,CSm,baseline,1,cuneus,-40.489452
4,baseline,CSm,baseline,2,cuneus,-22.380325
4,baseline,CSm,baseline,3,cuneus,-21.226475
4,baseline,CSm,acquisition,1,cuneus,-35.640816
4,baseline,CSm,acquisition,2,cuneus,-27.209932
4,baseline,CSm,acquisition,3,cuneus,-18.564848
4,baseline,CSm,extinction,1,cuneus,-8.677171
4,baseline,CSm,extinction,2,cuneus,-47.204746
4,baseline,CSm,extinction,3,cuneus,69.58671
4,acquisition,CSp,baseline,1,cuneus,-50.72685
4,acquisition,CSp,baseline,2,cuneus,-68.03966
4,acquisition,CSp,baseline,3,cuneus,-7.544617
4,acquisition,CSp,acquisition,1,cuneus,-72.034485
4,acquisition,CSp,acquisition,2,cuneus,16.84659
4,acquisition,CSp,acquisition,3,cuneus,-35.342815
4,acquisition,CSp,extinction,1,cuneus,-101.49095
4,acquisition,CSp,extinction,2,cuneus,-15.860547
4,acquisition,CSp,extinction,3,cuneus,5.4306364
4,acquisition,CSm,baseline,1,cuneus,-30.871138
4,acquisition,CSm,baseline,2,cuneus,6.1252666
4,acquisition,CSm,baseline,3,cuneus,-11.049085
4,acquisition,CSm,acquisition,1,cuneus,-28.988756
4,acquisition,CSm,acquisition,2,cuneus,45.770195
4,acquisition,CSm,acquisition,3,cuneus,-53.198635
4,acquisition,CSm,extinction,1,cuneus,8.260516
4,acquisition,CSm,extinction,2,cuneus,-47.46079
4,acquisition,CSm,extinction,3,cuneus,-45.806202
4,extinction,CSp,baseline,1,cuneus,-42.11749
4,extinction,CSp,baseline,2,cuneus,-59.78196
4,extinction,CSp,baseline,3,cuneus,-31.37683
4,extinction,CSp,acquisition,1,cuneus,-27.582678
4,extinction,CSp,acquisition,2,cuneus,-27.005638
4,extinction,CSp,acquisition,3,cuneus,-58.193924
4,extinction,CSp,extinction,1,cuneus,-123.50317
4,extinction,CSp,extinction,2,cuneus,9.7191305
4,extinction,CSp,extinction,3,cuneus,-53.357986
4,extinction,CSm,baseline,1,cuneus,-15.790616
4,extinction,CSm,baseline,2,cuneus,-30.340904
4,extinction,CSm,baseline,3,cuneus,-99.3669
4,extinction,CSm,acquisition,1,cuneus,-37.242752
4,extinction,CSm,acquisition,2,cuneus,-8.318465
4,extinction,CSm,acquisition,3,cuneus,-44.61434
4,extinction,CSm,extinction,1,cuneus,-49.110523
4,extinction,CSm,extinction,2,cuneus,-42.21094
4,extinction,CSm,extinction,3,cuneus,59.12246
5,baseline,CSp,baseline,1,cuneus,
5,baseline,CSp,baseline,2,cuneus,
5,baseline,CSp,baseline,3,cuneus,-37.702496
5,baseline,CSp,acquisition,1,cuneus,100.77931
5,baseline,CSp,acquisition,2,cuneus,15.217658
5,baseline,CSp,acquisition,3,cuneus,-17.213104
5,baseline,CSp,extinction,1,cuneus,
5,baseline,CSp,extinction,2,cuneus,90.50711
5,baseline,CSp,extinction,3,cuneus,-10.498934
5,baseline,CSm,baseline,1,cuneus,105.2359
5,baseline,CSm,baseline,2,cuneus,
5,baseline,CSm,baseline,3,cuneus,63.878998
5,baseline,CSm,acquisition,1,cuneus,43.250652
5,baseline,CSm,acquisition,2,cuneus,-60.092712
5,baseline,CSm,acquisition,3,cuneus,-40.66867
5,baseline,CSm,extinction,1,cuneus,71.85901
5,baseline,CSm,extinction,2,cuneus,-16.29971
5,baseline,CSm,extinction,3,cuneus,16.660643
5,acquisition,CSp,baseline,1,cuneus,
5,acquisition,CSp,baseline,2,cuneus,-7.069209
5,acquisition,CSp,baseline,3,cuneus,-11.6579485
5,acquisition,CSp,acquisition,1,cuneus,58.939255
5,acquisition,CSp,acquisition,2,cuneus,10.081836
5,acquisition,CSp,acquisition,3,cuneus,51.000313
5,acquisition,CSp,extinction,1,cuneus,
5,acquisition,CSp,extinction,2,cuneus,121.68048
5,acquisition,CSp,extinction,3,cuneus,
5,acquisition,CSm,baseline,1,cuneus,
5,acquisition,CSm,baseline,2,cuneus,-32.732376
5,acquisition,CSm,baseline,3,cuneus,
5,acquisition,CSm,acquisition,1,cuneus,47.096474
5,acquisition,CSm,acquisition,2,cuneus,46.79283
5,acquisition,CSm,acquisition,3,cuneus,-1.057476
5,acquisition,CSm,extinction,1,cuneus,55.453255
5,acquisition,CSm,extinction,2,cuneus,-34.28043
5,acquisition,CSm,extinction,3,cuneus,41.89852
5,extinction,CSp,baseline,1,cuneus,-8.1087265
5,extinction,CSp,baseline,2,cuneus,
5,extinction,CSp,baseline,3,cuneus,
5,extinction,CSp,acquisition,1,cuneus,47.505413
5,extinction,CSp,acquisition,2,cuneus,56.62066
5,extinction,CSp,acquisition,3,cuneus,84.51177
5,extinction,CSp,extinction,1,cuneus,48.7653
5,extinction,CSp,extinction,2,cuneus,37.04983
5,extinction,CSp,extinction,3,cuneus,6.051311
5,extinction,CSm,baseline,1,cuneus,72.213844
5,extinction,CSm,baseline,2,cuneus,
5,extinction,CSm,baseline,3,cuneus,29.324438
5,extinction,CSm,acquisition,1,cuneus,86.997665
5,extinction,CSm,acquisition,2,cuneus,94.80851
5,extinction,CSm,acquisition,3,cuneus,18.037655
5,extinction,CSm,extinction,1,cuneus,37.377373
5,extinction,CSm,extinction,2,cuneus,21.584354
5,extinction,CSm,extinction,3,cuneus,4.6979156
6,baseline,CSp,baseline,1,cuneus,-68.49968
6,baseline,CSp,baseline,2,cuneus,31.832844
6,baseline,CSp,baseline,3,cuneus,139.96259
6,baseline,CSp,acquisition,1,cuneus,-30.09237
6,baseline,CSp,acquisition,2,cuneus,19.551748
6,baseline,CSp,acquisition,3,cuneus,124.265175
6,baseline,CSp,extinction,1,cuneus,-85.90398
6,baseline,CSp,extinction,2,cuneus,115.40308
6,baseline,CSp,extinction,3,cuneus,-16.121475
6,baseline,CSm,baseline,1,cuneus,14.218849
6,baseline,CSm,baseline,2,cuneus,71.92091
6,baseline,CSm,baseline,3,cuneus,55.827766
6,baseline,CSm,acquisition,1,cuneus,53.897995
6,baseline,CSm,acquisition,2,cuneus,42.235897
6,baseline,CSm,acquisition,3,cuneus,-71.08583
6,baseline,CSm,extinction,1,cuneus,45.315678
6,baseline,CSm,extinction,2,cuneus,-4.0317073
6,baseline,CSm,extinction,3,cuneus,90.12389
6,acquisition,CSp,baseline,1,cuneus,20.263235
6,acquisition,CSp,baseline,2,cuneus,137.03748
6,acquisition,CSp,baseline,3,cuneus,
6,acquisition,CSp,acquisition,1,cuneus,-65.925255
6,acquisition,CSp,acquisition,2,cuneus,104.9658
6,acquisition,CSp,acquisition,3,cuneus,100.095314
6,acquisition,CSp,extinction,1,cuneus,
6,acquisition,CSp,extinction,2,cuneus,52.885597
6,acquisition,CSp,extinction,3,cuneus,87.88682
6,acquisition,CSm,baseline,1,cuneus,-26.811867
6,acquisition,CSm,baseline,2,cuneus,34.27963
6,acquisition,CSm,baseline,3,cuneus,170.68073
6,acquisition,CSm,acquisition,1,cuneus,
6,acquisition,CSm,acquisition,2,cuneus,
6,acquisition,CSm,acquisition,3,cuneus,-25.486864
6,acquisition,CSm,extinction,1,cuneus,11.682211
6,acquisition,CSm,extinction,2,cuneus,63.647903
6,acquisition,CSm,extinction,3,cuneus,126.37825
6,extinction,CSp,baseline,1,cuneus,21.639345
6,extinction,CSp,baseline,2,cuneus,82.41256
6,extinction,CSp,baseline,3,cuneus,78.95674
6,extinction,CSp,acquisition,1,cuneus,-32.390903
6,extinction,CSp,acquisition,2,cuneus,105.768524
6,extinction,CSp,acquisition,3,cuneus,43.46822
6,extinction,CSp,extinction,1,cuneus,10.41992
6,extinction,CSp,extinction,2,cuneus,18.906315
6,extinction,CSp,extinction,3,cuneus,
6,extinction,CSm,baseline,1,cuneus,14.3085
6,extinction,CSm,baseline,2,cuneus,43.393703
6,extinction,CSm,baseline,3,cuneus,
6,extinction,CSm,acquisition,1,cuneus,
6,extinction,CSm,acquisition,2,cuneus,160.32881
6,extinction,CSm,acquisition,3,cuneus,42.525406
6,extinction,CSm,extinction,1,cuneus,40.924393
6,extinction,CSm,extinction,2,cuneus,13.106496
6,extinction,CSm,extinction,3,cuneus,36.98635
7,baseline,CSp,baseline,1,cuneus,46.39861
7,baseline,CSp,baseline,2,cuneus,48.04947
7,baseline,CSp,baseline,3,cuneus,90.6289
7,baseline,CSp,acquisition,1,cuneus,37.59163
7,baseline,CSp,acquisition,2,cuneus,56.30523
7,baseline,CSp,acquisition,3,cuneus,
7,baseline,CSp,extinction,1,cuneus,18.011915
7,baseline,CSp,extinction,2,cuneus,46.175007
7,baseline,CSp,extinction,3,cuneus,60.141094
7,baseline,CSm,baseline,1,cuneus,
7,baseline,CSm,baseline,2,cuneus,40.647667
7,baseline,CSm,baseline,3,cuneus,64.93003
7,baseline,CSm,acquisition,1,cuneus,70.57815
7,baseline,CSm,acquisition,2,cuneus,
7,baseline,CSm,acquisition,3,cuneus,124.15998
7,baseline,CSm,extinction,1,cuneus,121.397995
7,baseline,CSm,extinction,2,cuneus,171.27127
7,baseline,CSm,extinction,3,cuneus,128.42172
7,acquisition,CSp,baseline,1,cuneus,
7,acquisition,CSp,baseline,2,cuneus,39.097435
7,acquisition,CSp,baseline,3,cuneus,295.95862
7,acquisition,CSp,acquisition,1,cuneus,66.39041
7,acquisition,CSp,acquisition,2,cuneus,119.3357
7,acquisition,CSp,acquisition,3,cuneus,103.39869
7,acquisition,CSp,extinction,1,cuneus,91.52543
7,acquisition,CSp,extinction,2,cuneus,171.78084
7,acquisition,CSp,extinction,3,cuneus,137.23303
7,acquisition,CSm,baseline,1,cuneus,87.22269
7,acquisition,CSm,baseline,2,cuneus,106.74662
7,acquisition,CSm,baseline,3,cuneus,273.58646
7,acquisition,CSm,acquisition,1,cuneus,127.0233
7,acquisition,CSm,acquisition,2,cuneus,172.16496
7,acquisition,CSm,acquisition,3,cuneus,116.81473
7,acquisition,CSm,extinction,1,cuneus,174.9806
7,acquisition,CSm,extinction,2,cuneus,
7,acquisition,CSm,extinction,3,cuneus,12.542012
7,extinction,CSp,baseline,1,cuneus,124.83994
7,extinction,CSp,baseline,2,cuneus,87.85941
7,extinction,CSp,baseline,3,cuneus,83.21317
7,extinction,CSp,acquisition,1,cuneus,87.02266
7,extinction,CSp,acquisition,2,cuneus,168.54564
7,extinction,CSp,acquisition,3,cuneus,130.2174
7,extinction,CSp,extinction,1,cuneus,-61.84158
7,extinction,CSp,extinction,2,cuneus,54.658516
7,extinction,CSp,extinction,3,cuneus,81.4933
7,extinction,CSm,baseline,1,cuneus,91.30003
7,extinction,CSm,baseline,2,cuneus,81.388855
7,extinction,CSm,baseline,3,cuneus,92.703476
7,extinction,CSm,acquisition,1,cuneus,215.9677
7,extinction,CSm,acquisition,2,cuneus,
7,extinction,CSm,acquisition,3,cuneus,76.3349
7,extinction,CSm,extinction,1,cuneus,137.06912
7,extinction,CSm,extinction,2,cuneus,95.730705
7,extinction,CSm,extinction,3,cuneus,158.88463
8,baseline,CSp,baseline,1,cuneus,74.9431
8,baseline,CSp,baseline,2,cuneus,99.232346
8,baseline,CSp,baseline,3,cuneus,118.70659
8,baseline,CSp,acquisition,1,cuneus,76.0342
8,baseline,CSp,acquisition,2,cuneus,107.38522
8,baseline,CSp,acquisition,3,cuneus,50.324337
8,baseline,CSp,extinction,1,cuneus,102.66765
8,baseline,CSp,extinction,2,cuneus,53.092476
8,baseline,CSp,extinction,3,cuneus,100.033005
8,baseline,CSm,baseline,1,cuneus,134.36093
8,baseline,CSm,baseline,2,cuneus,50.06066
8,baseline,CSm,baseline,3,cuneus,106.56939
8,baseline,CSm,acquisition,1,cuneus,94.4893
8,baseline,CSm,acquisition,2,cuneus,71.524765
8,baseline,CSm,acquisition,3,cuneus,107.82208
8,baseline,CSm,extinction,1,cuneus,118.1272
8,baseline,CSm,extinction,2,cuneus,145.37244
8,baseline,CSm,extinction,3,cuneus,87.14013
8,acquisition,CSp,baseline,1,cuneus,112.562515
8,acquisition,CSp,baseline,2,cuneus,
8,acquisition,CSp,baseline,3,cuneus,
8,acquisition,CSp,acquisition,1,cuneus,92.58154
8,acquisition,CSp,acquisition,2,cuneus,102.68642
8,acquisition,CSp,acquisition,3,cuneus,69.36628
8,acquisition,CSp,extinction,1,cuneus,
8,acquisition,CSp,extinction,2,cuneus,78.49914
8,acquisition,CSp,extinction,3,cuneus,
8,acquisition,CSm,baseline,1,cuneus,88.989914
8,acquisition,CSm,baseline,2,cuneus,151.6357
8,acquisition,CSm,baseline,3,cuneus,74.120316
8,acquisition,CSm,acquisition,1,cuneus,75.57818
8,acquisition,CSm,acquisition,2,cuneus,92.72634
8,acquisition,CSm,acquisition,3,cuneus,83.9382
8,acquisition,CSm,extinction,1,cuneus,100.78034
8,acquisition,CSm,extinction,2,cuneus,84.14254
8,acquisition,CSm,extinction,3,cuneus,132.2886
8,extinction,CSp,baseline,1,cuneus,111.681755
8,extinction,CSp,baseline,2,cuneus,67.330635
8,extinction,CSp,baseline,3,cuneus,92.25455
8,extinction,CSp,acquisition,1,cuneus,78.4971
8,extinction,CSp,acquisition,2,cuneus,77.859634
8,extinction,CSp,acquisition,3,cuneus,50.227776
8,extinction,CSp,extinction,1,cuneus,129.46597
8,extinction,CSp,extinction,2,cuneus,54.777935
8,extinction,CSp,extinction,3,cuneus,110.57098
8,extinction,CSm,baseline,1,cuneus,108.627464
8,extinction,CSm,baseline,2,cuneus,126.346855
8,extinction,CSm,baseline,3,cuneus,
8,extinction,CSm,acquisition,1,cuneus,92.239586
8,extinction,CSm,acquisition,2,cuneus,84.6892
8,extinction,CSm,acquisition,3,cuneus,106.21764
8,extinction,CSm,extinction,1,cuneus,89.276695
8,extinction,CSm,extinction,2,cuneus,87.64731
8,extinction,CSm,extinction,3,cuneus,96.4753
9,baseline,CSp,baseline,1,cuneus,71.75749
9,baseline,CSp,baseline,2,cuneus,2.549374
9,baseline,CSp,baseline,3,cuneus,167.1655
9,baseline,CSp,acquisition,1,cuneus,108.94063
9,baseline,CSp,acquisition,2,cuneus,31.43544
9,baseline,CSp,acquisition,3,cuneus,22.242844
9,baseline,CSp,extinction,1,cuneus,36.743027
9,baseline,CSp,extinction,2,cuneus,81.499725
9,baseline,CSp,extinction,3,cuneus,93.22948
9,baseline,CSm,baseline,1,cuneus,
9,baseline,CSm,baseline,2,cuneus,56.140347
9,baseline,CSm,baseline,3,cuneus,259.54947
9,baseline,CSm,acquisition,1,cuneus,159.40608
9,baseline,CSm,acquisition,2,cuneus,25.191725
9,baseline,CSm,acquisition,3,cuneus,
9,baseline,CSm,extinction,1,cuneus,125.73272
9,baseline,CSm,extinction,2,cuneus,67.34247
9,baseline,CSm,extinction,3,cuneus,154.13968
9,acquisition,CSp,baseline,1,cuneus,131.72429
9,acquisition,CSp,baseline,2,cuneus,74.15938
9,acquisition,CSp,baseline,3,cuneus,203.21428
9,acquisition,CSp,acquisition,1,cuneus,121.08724
9,acquisition,CSp,acquisition,2,cuneus,44.19497
9,acquisition,CSp,acquisition,3,cuneus,155.27856
9,acquisition,CSp,extinction,1,cuneus,-13.309309
9,acquisition,CSp,extinction,2,cuneus,
9,acquisition,CSp,extinction,3,cuneus,
9,acquisition,CSm,baseline,1,cuneus,
9,acquisition,CSm,baseline,2,cuneus,
9,acquisition,CSm,baseline,3,cuneus,219.20825
9,acquisition,CSm,acquisition,1,cuneus,112.73674
9,acquisition,CSm,acquisition,2,cuneus,53.317562
9,acquisition,CSm,acquisition,3,cuneus,123.55966
9,acquisition,CSm,extinction,1,cuneus,81.21112
9,acquisition,CSm,extinction,2,cuneus,31.18096
9,acquisition,CSm,extinction,3,cuneus,220.03934
9,extinction,CSp,baseline,1,cuneus,144.21173
9,extinction,CSp,baseline,2,cuneus,132.67627
9,extinction,CSp,baseline,3,cuneus,178.84933
9,extinction,CSp,acquisition,1,cuneus,92.96147
9,extinction,CSp,acquisition,2,cuneus,-5.6811914
9,extinction,CSp,acquisition,3,cuneus,134.77449
9,extinction,CSp,extinction,1,cuneus,94.71986
9,extinction,CSp,extinction,2,cuneus,36.917763
9,extinction,CSp,extinction,3,cuneus,
9,extinction,CSm,baseline,1,cuneus,139.5607
9,extinction,CSm,baseline,2,cuneus,9.633426
9,extinction,CSm,baseline,3,cuneus,193.69197
9,extinction,CSm,acquisition,1,cuneus,112.98443
9,extinction,CSm,acquisition,2,cuneus,28.9116
9,extinction,CSm,acquisition,3,cuneus,140.92923
9,extinction,CSm,extinction,1,cuneus,141.327
9,extinction,CSm,extinction,2,cuneus,62.35556
9,extinction,CSm,extinction,3,cuneus,279.635
10,baseline,CSp,baseline,1,cuneus,270.76306
10,baseline,CSp,baseline,2,cuneus,134.51697
10,baseline,CSp,baseline,3,cuneus,186.46579
10,baseline,CSp,acquisition,1,cuneus,174.73506
10,baseline,CSp,acquisition,2,cuneus,181.31894
10,baseline,CSp,acquisition,3,cuneus,126.83045
10,baseline,CSp,extinction,1,cuneus,196.8814
10,baseline,CSp,extinction,2,cuneus,172.38199
10,baseline,CSp,extinction,3,cuneus,198.72379
10,baseline,CSm,baseline,1,cuneus,203.73169
10,baseline,CSm,baseline,2,cuneus,100.82041
10,baseline,CSm,baseline,3,cuneus,200.45947
10,baseline,CSm,acquisition,1,cuneus,81.84543
10,baseline,CSm,acquisition,2,cuneus,129.3922
10,baseline,CSm,acquisition,3,cuneus,177.88898
10,baseline,CSm,extinction,1,cuneus,180.25067
10,baseline,CSm,extinction,2,cuneus,113.43074
10,baseline,CSm,extinction,3,cuneus,223.27682
10,acquisition,CSp,baseline,1,cuneus,
10,acquisition,CSp,baseline,2,cuneus,
10,acquisition,CSp,baseline,3,cuneus,
10,acquisition,CSp,acquisition,1,cuneus,194.36584
10,acquisition,CSp,acquisition,2,cuneus,174.18747
10,acquisition,CSp,acquisition,3,cuneus,159.75104
10,acquisition,CSp,extinction,1,cuneus,165.9218
10,acquisition,CSp,extinction,2,cuneus,105.28569
10,acquisition,CSp,extinction,3,cuneus,126.74839
10,acquisition,CSm,baseline,1,cuneus,159.17625
10,acquisition,CSm,baseline,2,cuneus,171.02306
10,acquisition,CSm,baseline,3,cuneus,221.19937
10,acquisition,CSm,acquisition,1,cuneus,
10,acquisition,CSm,acquisition,2,cuneus,138.19644
10,acquisition,CSm,acquisition,3,cuneus,
10,acquisition,CSm,extinction,1,cuneus,242.81468
10,acquisition,CSm,extinction,2,cuneus,157.71992
10,acquisition,CSm,extinction,3,cuneus,216.85246
10,extinction,CSp,baseline,1,cuneus,
10,extinction,CSp,baseline,2,cuneus,
10,extinction,CSp,baseline,3,cuneus,
10,extinction,CSp,acquisition,1,cuneus,191.29495
10,extinction,CSp,acquisition,2,cuneus,136.37523
10,extinction,CSp,acquisition,3,cuneus,204.89713
10,extinction,CSp,extinction,1,cuneus,161.63652
10,extinction,CSp,extinction,2,cuneus,72.107574
10,extinction,CSp,extinction,3,cuneus,124.89312
10,extinction,CSm,baseline,1,cuneus,261.2435
10,extinction,CSm,baseline,2,cuneus,158.66368
10,extinction,CSm,baseline,3,cuneus,
10,extinction,CSm,acquisition,1,cuneus,269.48758
10,extinction,CSm,acquisition,2,cuneus,-21.053846
10,extinction,CSm,acquisition,3,cuneus,192.0999
10,extinction,CSm,extinction,1,cuneus,212.5397
10,extinction,CSm,extinction,2,cuneus,185.48463
10,extinction,CSm,extinction,3,cuneus,235.16364
12,baseline,CSp,baseline,1,cuneus,55.779026
12,baseline,CSp,baseline,2,cuneus,61.833527
12,baseline,CSp,baseline,3,cuneus,17.143465
12,baseline,CSp,acquisition,1,cuneus,51.44513
12,baseline,CSp,acquisition,2,cuneus,-43.614574
12,baseline,CSp,acquisition,3,cuneus,18.17319
12,baseline,CSp,extinction,1,cuneus,47.61907
12,baseline,CSp,extinction,2,cuneus,3.7807195
12,baseline,CSp,extinction,3,cuneus,44.373177
12,baseline,CSm,baseline,1,cuneus,61.410576
12,baseline,CSm,baseline,2,cuneus,72.763664
12,baseline,CSm,baseline,3,cuneus,44.317528
12,baseline,CSm,acquisition,1,cuneus,39.652145
12,baseline,CSm,acquisition,2,cuneus,87.98406
12,baseline,CSm,acquisition,3,cuneus,52.09943
12,baseline,CSm,extinction,1,cuneus,91.6436
12,baseline,CSm,extinction,2,cuneus,38.446274
12,baseline,CSm,extinction,3,cuneus,52.58228
12,acquisition,CSp,baseline,1,cuneus,3.0441809
12,acquisition,CSp,baseline,2,cuneus,77.9964
12,acquisition,CSp,baseline,3,cuneus,66.496506
12,acquisition,CSp,acquisition,1,cuneus,67.710396
12,acquisition,CSp,acquisition,2,cuneus,53.358086
12,acquisition,CSp,acquisition,3,cuneus,46.11772
12,acquisition,CSp,extinction,1,cuneus,33.77044
12,acquisition,CSp,extinction,2,cuneus,18.505054
12,acquisition,CSp,extinction,3,cuneus,
12,acquisition,CSm,baseline,1,cuneus,105.58566
12,acquisition,CSm,baseline,2,cuneus,21.632397
12,acquisition,CSm,baseline,3,cuneus,58.84993
12,acquisition,CSm,acquisition,1,cuneus,142.64186
12,acquisition,CSm,acquisition,2,cuneus,
12,acquisition,CSm,acquisition,3,cuneus,178.77214
12,acquisition,CSm,extinction,1,cuneus,84.759735
12,acquisition,CSm,extinction,2,cuneus,26.1372
12,acquisition,CSm,extinction,3,cuneus,23.151907
12,extinction,CSp,baseline,1,cuneus,3.03932
12,extinction,CSp,baseline,2,cuneus,-15.434558
12,extinction,CSp,baseline,3,cuneus,-49.16195
12,extinction,CSp,acquisition,1,cuneus,26.186977
12,extinction,CSp,acquisition,2,cuneus,
12,extinction,CSp,acquisition,3,cuneus,48.529037
12,extinction,CSp,extinction,1,cuneus,88.80306
12,extinction,CSp,extinction,2,cuneus,60.576572
12,extinction,CSp,extinction,3,cuneus,15.040593
12,extinction,CSm,baseline,1,cuneus,-70.974304
12,extinction,CSm,baseline,2,cuneus,101.86266
12,extinction,CSm,baseline,3,cuneus,1.6946747
12,extinction,CSm,acquisition,1,cuneus,72.1329
12,extinction,CSm,acquisition,2,cuneus,54.13865
12,extinction,CSm,acquisition,3,cuneus,83.40018
12,extinction,CSm,extinction,1,cuneus,83.51791
12,extinction,CSm,extinction,2,cuneus,51.56373
12,extinction,CSm,extinction,3,cuneus,55.36623
13,baseline,CSp,baseline,1,cuneus,361.11563
13,baseline,CSp,baseline,2,cuneus,290.5999
13,baseline,CSp,baseline,3,cuneus,51.871574
13,baseline,CSp,acquisition,1,cuneus,187.65883
13,baseline,CSp,acquisition,2,cuneus,342.45117
13,baseline,CSp,acquisition,3,cuneus,178.09305
13,baseline,CSp,extinction,1,cuneus,252.08972
13,baseline,CSp,extinction,2,cuneus,
13,baseline,CSp,extinction,3,cuneus,281.37115
13,baseline,CSm,baseline,1,cuneus,135.53152
13,baseline,CSm,baseline,2,cuneus,192.56029
13,baseline,CSm,baseline,3,cuneus,189.50253
13,baseline,CSm,acquisition,1,cuneus,
13,baseline,CSm,acquisition,2,cuneus,135.10297
13,baseline,CSm,acquisition,3,cuneus,
13,baseline,CSm,extinction,1,cuneus,304.79507
13,baseline,CSm,extinction,2,cuneus,53.98951
13,baseline,CSm,extinction,3,cuneus,240.06882
13,acquisition,CSp,baseline,1,cuneus,245.63824
13,acquisition,CSp,baseline,2,cuneus,274.74765
13,acquisition,CSp,baseline,3,cuneus,135.03957
13,acquisition,CSp,acquisition,1,cuneus,173.21251
13,acquisition,CSp,acquisition,2,cuneus,213.34947
13,acquisition,CSp,acquisition,3,cuneus,280.5019
13,acquisition,CSp,extinction,1,cuneus,201.15976
13,acquisition,CSp,extinction,2,cuneus,299.9592
13,acquisition,CSp,extinction,3,cuneus,352.17358
13,acquisition,CSm,baseline,1,cuneus,327.3517
13,acquisition,CSm,baseline,2,cuneus,263.63013
13,acquisition,CSm,baseline,3,cuneus,213.07341
13,acquisition,CSm,acquisition,1,cuneus,186.32695
13,acquisition,CSm,acquisition,2,cuneus,275.6796
13,acquisition,CSm,acquisition,3,cuneus,165.98112
13,acquisition,CSm,extinction,1,cuneus,265.53827
13,acquisition,CSm,extinction,2,cuneus,291.51978
13,acquisition,CSm,extinction,3,cuneus,156.22768
13,extinction,CSp,baseline,1,cuneus,210.78549
13,extinction,CSp,baseline,2,cuneus,297.41275
13,extinction,CSp,baseline,3,cuneus,272.62646
13,extinction,CSp,acquisition,1,cuneus,130.84172
13,extinction,CSp,acquisition,2,cuneus,380.0956
13,extinction,CSp,acquisition,3,cuneus,227.41496
13,extinction,CSp,extinction,1,cuneus,241.42049
13,extinction,CSp,extinction,2,cuneus,265.92685
13,extinction,CSp,extinction,3,cuneus,202.34749
13,extinction,CSm,baseline,1,cuneus,
13,extinction,CSm,baseline,2,cuneus,251.05896
13,extinction,CSm,baseline,3,cuneus,233.61388
13,extinction,CSm,acquisition,1,cuneus,149.90929
13,extinction,CSm,acquisition,2,cuneus,161.4512
13,extinction,CSm,acquisition,3,cuneus,44.514553
13,extinction,CSm,extinction,1,cuneus,283.82812
13,extinction,CSm,extinction,2,cuneus,303.7425
13,extinction,CSm,extinction,3,cuneus,190.61067
14,baseline,CSp,baseline,1,cuneus,138.81413
14,baseline,CSp,baseline,2,cuneus,153.84555
14,baseline,CSp,baseline,3,cuneus,125.49358
14,baseline,CSp,acquisition,1,cuneus,50.917534
14,baseline,CSp,acquisition,2,cuneus,209.71864
14,baseline,CSp,acquisition,3,cuneus,185.04105
14,baseline,CSp,extinction,1,cuneus,175.61182
14,baseline,CSp,extinction,2,cuneus,192.94696
14,baseline,CSp,extinction,3,cuneus,107.467964
14,baseline,CSm,baseline,1,cuneus,157.3999
14,baseline,CSm,baseline,2,cuneus,149.68108
14,baseline,CSm,baseline,3,cuneus,201.96223
14,baseline,CSm,acquisition,1,cuneus,85.99492
14,baseline,CSm,acquisition,2,cuneus,274.59924
14,baseline,CSm,acquisition,3,cuneus,167.73492
14,baseline,CSm,extinction,1,cuneus,274.4327
14,baseline,CSm,extinction,2,cuneus,101.54045
14,baseline,CSm,extinction,3,cuneus,
14,acquisition,CSp,baseline,1,cuneus,
14,acquisition,CSp,baseline,2,cuneus,227.15813
14,acquisition,CSp,baseline,3,cuneus,148.01094
14,acquisition,CSp,acquisition,1,cuneus,109.97898
14,acquisition,CSp,acquisition,2,cuneus,244.80241
14,acquisition,CSp,acquisition,3,cuneus,257.76007
14,acquisition,CSp,extinction,1,cuneus,110.538185
14,acquisition,CSp,extinction,2,cuneus,285.68045
14,acquisition,CSp,extinction,3,cuneus,90.13498
14,acquisition,CSm,baseline,1,cuneus,137.94687
14,acquisition,CSm,baseline,2,cuneus,146.20392
14,acquisition,CSm,baseline,3,cuneus,185.08977
14,acquisition,CSm,acquisition,1,cuneus,
14,acquisition,CSm,acquisition,2,cuneus,149.20938
14,acquisition,CSm,acquisition,3,cuneus,241.62297
14,acquisition,CSm,extinction,1,cuneus,122.0526
14,acquisition,CSm,extinction,2,cuneus,132.0709
14,acquisition,CSm,extinction,3,cuneus,133.47743
14,extinction,CSp,baseline,1,cuneus,150.33936
14,extinction,CSp,baseline,2,cuneus,207.11713
14,extinction,CSp,baseline,3,cuneus,120.64061
14,extinction,CSp,acquisition,1,cuneus,106.516624
14,extinction,CSp,acquisition,2,cuneus,198.20161
14,extinction,CSp,acquisition,3,cuneus,274.966
14,extinction,CSp,extinction,1,cuneus,121.526474
14,extinction,CSp,extinction,2,cuneus,265.10272
14,extinction,CSp,extinction,3,cuneus,246.17075
14,extinction,CSm,baseline,1,cuneus,159.28117
14,extinction,CSm,baseline,2,cuneus,258.9716
14,extinction,CSm,baseline,3,cuneus,
14,extinction,CSm,acquisition,1,cuneus,133.422
14,extinction,CSm,acquisition,2,cuneus,268.8032
14,extinction,CSm,acquisition,3,cuneus,246.38371
14,extinction,CSm,extinction,1,cuneus,198.71829
14,extinction,CSm,extinction,2,cuneus,190.30452
14,extinction,CSm,extinction,3,cuneus,150.73813
15,baseline,CSp,baseline,1,cuneus,55.35015
15,baseline,CSp,baseline,2,cuneus,
15,baseline,CSp,baseline,3,cuneus,63.26447
15,baseline,CSp,acquisition,1,cuneus,21.253366
15,baseline,CSp,acquisition,2,cuneus,49.95216
15,baseline,CSp,acquisition,3,cuneus,71.30573
15,baseline,CSp,extinction,1,cuneus,
15,baseline,CSp,extinction,2,cuneus,48.499706
15,baseline,CSp,extinction,3,cuneus,
15,baseline,CSm,baseline,1,cuneus,
15,baseline,CSm,baseline,2,cuneus,70.58351
15,baseline,CSm,baseline,3,cuneus,76.82939
15,baseline,CSm,acquisition,1,cuneus,9.255452
15,baseline,CSm,acquisition,2,cuneus,83.98968
15,baseline,CSm,acquisition,3,cuneus,37.04848
15,baseline,CSm,extinction,1,cuneus,49.630196
15,baseline,CSm,extinction,2,cuneus,12.654688
15,baseline,CSm,extinction,3,cuneus,67.354195
15,acquisition,CSp,baseline,1,cuneus,
15,acquisition,CSp,baseline,2,cuneus,140.98936
15,acquisition,CSp,baseline,3,cuneus,-27.808098
15,acquisition,CSp,acquisition,1,cuneus,47.033558
15,acquisition,CSp,acquisition,2,cuneus,81.60017
15,acquisition,CSp,acquisition,3,cuneus,75.12231
15,acquisition,CSp,extinction,1,cuneus,
15,acquisition,CSp,extinction,2,cuneus,
15,acquisition,CSp,extinction,3,cuneus,92.97636
15,acquisition,CSm,baseline,1,cuneus,
15,acquisition,CSm,baseline,2,cuneus,86.34218
15,acquisition,CSm,baseline,3,cuneus,
15,acquisition,CSm,acquisition,1,cuneus,-7.752228
15,acquisition,CSm,acquisition,2,cuneus,44.817863
15,acquisition,CSm,acquisition,3,cuneus,58.283554
15,acquisition,CSm,extinction,1,cuneus,43.25737
15,acquisition,CSm,extinction,2,cuneus,112.25872
15,acquisition,CSm,extinction,3,cuneus,48.352707
15,extinction,CSp,baseline,1,cuneus,
15,extinction,CSp,baseline,2,cuneus,
15,extinction,CSp,baseline,3,cuneus,
15,extinction,CSp,acquisition,1,cuneus,46.251183
15,extinction,CSp,acquisition,2,cuneus,53.198994
15,extinction,CSp,acquisition,3,cuneus,42.339447
15,extinction,CSp,extinction,1,cuneus,-5.6591797
15,extinction,CSp,extinction,2,cuneus,73.612
15,extinction,CSp,extinction,3,cuneus,2.0693614
15,extinction,CSm,baseline,1,cuneus,80.04983
15,extinction,CSm,baseline,2,cuneus,
15,extinction,CSm,baseline,3,cuneus,
15,extinction,CSm,acquisition,1,cuneus,-3.694427
15,extinction,CSm,acquisition,2,cuneus,122.058304
15,extinction,CSm,acquisition,3,cuneus,8.698664
15,extinction,CSm,extinction,1,cuneus,76.32368
15,extinction,CSm,extinction,2,cuneus,44.593
15,extinction,CSm,extinction,3,cuneus,27.403036
16,baseline,CSp,baseline,1,cuneus,-2.0992053
16,baseline,CSp,baseline,2,cuneus,63.144318
16,baseline,CSp,baseline,3,cuneus,
16,baseline,CSp,acquisition,1,cuneus,51.134586
16,baseline,CSp,acquisition,2,cuneus,45.013756
16,baseline,CSp,acquisition,3,cuneus,67.177025
16,baseline,CSp,extinction,1,cuneus,-8.716542
16,baseline,CSp,extinction,2,cuneus,60.082687
16,baseline,CSp,extinction,3,cuneus,32.396267
16,baseline,CSm,baseline,1,cuneus,29.224854
16,baseline,CSm,baseline,2,cuneus,36.887012
16,baseline,CSm,baseline,3,cuneus,64.963646
16,baseline,CSm,acquisition,1,cuneus,16.902046
16,baseline,CSm,acquisition,2,cuneus,46.991642
16,baseline,CSm,acquisition,3,cuneus,52.222744
16,baseline,CSm,extinction,1,cuneus,25.4281
16,baseline,CSm,extinction,2,cuneus,63.81426
16,baseline,CSm,extinction,3,cuneus,34.20787
16,acquisition,CSp,baseline,1,cuneus,17.483791
16,acquisition,CSp,baseline,2,cuneus,15.778577
16,acquisition,CSp,baseline,3,cuneus,
16,acquisition,CSp,acquisition,1,cuneus,46.852676
16,acquisition,CSp,acquisition,2,cuneus,52.45453
16,acquisition,CSp,acquisition,3,cuneus,82.61143
16,acquisition,CSp,extinction,1,cuneus,29.564148
16,acquisition,CSp,extinction,2,cuneus,
16,acquisition,CSp,extinction,3,cuneus,
16,acquisition,CSm,baseline,1,cuneus,29.60844
16,acquisition,CSm,baseline,2,cuneus,10.6040325
16,acquisition,CSm,baseline,3,cuneus,75.17489
16,acquisition,CSm,acquisition,1,cuneus,16.716211
16,acquisition,CSm,acquisition,2,cuneus,38.94797
16,acquisition,CSm,acquisition,3,cuneus,
16,acquisition,CSm,extinction,1,cuneus,56.368134
16,acquisition,CSm,extinction,2,cuneus,36.343582
16,acquisition,CSm,extinction,3,cuneus,27.32958
16,extinction,CSp,baseline,1,cuneus,26.955685
16,extinction,CSp,baseline,2,cuneus,41.415283
16,extinction,CSp,baseline,3,cuneus,24.72733
16,extinction,CSp,acquisition,1,cuneus,57.100945
16,extinction,CSp,acquisition,2,cuneus,45.313972
16,extinction,CSp,acquisition,3,cuneus,62.907238
16,extinction,CSp,extinction,1,cuneus,22.381954
16,extinction,CSp,extinction,2,cuneus,89.38576
16,extinction,CSp,extinction,3,cuneus,29.640057
16,extinction,CSm,baseline,1,cuneus,4.5220814
16,extinction,CSm,baseline,2,cuneus,11.221556
16,extinction,CSm,baseline,3,cuneus,85.31874
16,extinction,CSm,acquisition,1,cuneus,22.98131
16,extinction,CSm,acquisition,2,cuneus,50.7425
16,extinction,CSm,acquisition,3,cuneus,-15.822781
16,extinction,CSm,extinction,1,cuneus,26.186604
16,extinction,CSm,extinction,2,cuneus,5.5991807
16,extinction,CSm,extinction,3,cuneus,-5.8631716
17,baseline,CSp,baseline,1,cuneus,
17,baseline,CSp,baseline,2,cuneus,67.05057
17,baseline,CSp,baseline,3,cuneus,166.04616
17,baseline,CSp,acquisition,1,cuneus,50.14223
17,baseline,CSp,acquisition,2,cuneus,100.756775
17,baseline,CSp,acquisition,3,cuneus,16.863216
17,baseline,CSp,extinction,1,cuneus,
17,baseline,CSp,extinction,2,cuneus,88.40989
17,baseline,CSp,extinction,3,cuneus,61.54486
17,baseline,CSm,baseline,1,cuneus,27.170383
17,baseline,CSm,baseline,2,cuneus,86.61239
17,baseline,CSm,baseline,3,cuneus,27.920599
17,baseline,CSm,acquisition,1,cuneus,40.56178
17,baseline,CSm,acquisition,2,cuneus,65.45665
17,baseline,CSm,acquisition,3,cuneus,-45.639946
17,baseline,CSm,extinction,1,cuneus,21.997993
17,baseline,CSm,extinction,2,cuneus,178.427
17,baseline,CSm,extinction,3,cuneus,12.064433
17,acquisition,CSp,baseline,1,cuneus,75.492584
17,acquisition,CSp,baseline,2,cuneus,
17,acquisition,CSp,baseline,3,cuneus,
17,acquisition,CSp,acquisition,1,cuneus,80.92878
17,acquisition,CSp,acquisition,2,cuneus,97.68034
17,acquisition,CSp,acquisition,3,cuneus,43.458992
17,acquisition,CSp,extinction,1,cuneus,
17,acquisition,CSp,extinction,2,cuneus,
17,acquisition,CSp,extinction,3,cuneus,104.753235
17,acquisition,CSm,baseline,1,cuneus,-46.52438
17,acquisition,CSm,baseline,2,cuneus,98.20383
17,acquisition,CSm,baseline,3,cuneus,26.426678
17,acquisition,CSm,acquisition,1,cuneus,37.011143
17,acquisition,CSm,acquisition,2,cuneus,61.54106
17,acquisition,CSm,acquisition,3,cuneus,31.678823
17,acquisition,CSm,extinction,1,cuneus,93.105484
17,acquisition,CSm,extinction,2,cuneus,38.159714
17,acquisition,CSm,extinction,3,cuneus,48.94064
17,extinction,CSp,baseline,1,cuneus,
17,extinction,CSp,baseline,2,cuneus,96.6821
17,extinction,CSp,baseline,3,cuneus,97.5042
17,extinction,CSp,acquisition,1,cuneus,79.39926
17,extinction,CSp,acquisition,2,cuneus,93.9092
17,extinction,CSp,acquisition,3,cuneus,74.957085
17,extinction,CSp,extinction,1,cuneus,48.386322
17,extinction,CSp,extinction,2,cuneus,13.101244
17,extinction,CSp,extinction,3,cuneus,37.832867
17,extinction,CSm,baseline,1,cuneus,41.323948
17,extinction,CSm,baseline,2,cuneus,55.76606
17,extinction,CSm,baseline,3,cuneus,56.14176
17,extinction,CSm,acquisition,1,cuneus,56.38597
17,extinction,CSm,acquisition,2,cuneus,71.693214
17,extinction,CSm,acquisition,3,cuneus,41.486248
17,extinction,CSm,extinction,1,cuneus,37.44848
17,extinction,CSm,extinction,2,cuneus,62.154106
17,extinction,CSm,extinction,3,cuneus,77.80027
19,baseline,CSp,baseline,1,cuneus,-29.255047
19,baseline,CSp,baseline,2,cuneus,17.012486
19,baseline,CSp,baseline,3,cuneus,20.522352
19,baseline,CSp,acquisition,1,cuneus,
19,baseline,CSp,acquisition,2,cuneus,55.71962
19,baseline,CSp,acquisition,3,cuneus,14.104338
19,baseline,CSp,extinction,1,cuneus,30.890032
19,baseline,CSp,extinction,2,cuneus,76.42278
19,baseline,CSp,extinction,3,cuneus,49.911816
19,baseline,CSm,baseline,1,cuneus,30.021433
19,baseline,CSm,baseline,2,cuneus,-5.8391848
19,baseline,CSm,baseline,3,cuneus,71.89635
19,baseline,CSm,acquisition,1,cuneus,1.6517438
19,baseline,CSm,acquisition,2,cuneus,-6.340834
19,baseline,CSm,acquisition,3,cuneus,162.46794
19,baseline,CSm,extinction,1,cuneus,24.439177
19,baseline,CSm,extinction,2,cuneus,8.42177
19,baseline,CSm,extinction,3,cuneus,67.02598
19,acquisition,CSp,baseline,1,cuneus,-12.724918
19,acquisition,CSp,baseline,2,cuneus,-26.4262
19,acquisition,CSp,baseline,3,cuneus,13.868174
19,acquisition,CSp,acquisition,1,cuneus,12.469553
19,acquisition,CSp,acquisition,2,cuneus,-13.633157
19,acquisition,CSp,acquisition,3,cuneus,93.86222
19,acquisition,CSp,extinction,1,cuneus,26.562796
19,acquisition,CSp,extinction,2,cuneus,79.26256
19,acquisition,CSp,extinction,3,cuneus,29.512276
19,acquisition,CSm,baseline,1,cuneus,22.820206
19,acquisition,CSm,baseline,2,cuneus,27.896317
19,acquisition,CSm,baseline,3,cuneus,65.25462
19,acquisition,CSm,acquisition,1,cuneus,50.671658
19,acquisition,CSm,acquisition,2,cuneus,-156.8654
19,acquisition,CSm,acquisition,3,cuneus,42.603336
19,acquisition,CSm,extinction,1,cuneus,13.5786915
19,acquisition,CSm,extinction,2,cuneus,55.46992
19,acquisition,CSm,extinction,3,cuneus,89.057205
19,extinction,CSp,baseline,1,cuneus,-0.8938625
19,extinction,CSp,baseline,2,cuneus,-33.927696
19,extinction,CSp,baseline,3,cuneus,135.99754
19,extinction,CSp,acquisition,1,cuneus,6.5072794
19,extinction,CSp,acquisition,2,cuneus,-1.0321622
19,extinction,CSp,acquisition,3,cuneus,20.187214
19,extinction,CSp,extinction,1,cuneus,21.163748
19,extinction,CSp,extinction,2,cuneus,12.454486
19,extinction,CSp,extinction,3,cuneus,53.45694
19,extinction,CSm,baseline,1,cuneus,30.553696
19,extinction,CSm,baseline,2,cuneus,53.870506
19,extinction,CSm,baseline,3,cuneus,75.53352
19,extinction,CSm,acquisition,1,cuneus,25.047873
19,extinction,CSm,acquisition,2,cuneus,41.662193
19,extinction,CSm,acquisition,3,cuneus,35.34197
19,extinction,CSm,extinction,1,cuneus,-0.8608485
19,extinction,CSm,extinction,2,cuneus,-8.728907
19,extinction,CSm,extinction,3,cuneus,62.421238
21,baseline,CSp,baseline,1,cuneus,198.05002
21,baseline,CSp,baseline,2,cuneus,80.306526
21,baseline,CSp,baseline,3,cuneus,105.63627
21,baseline,CSp,acquisition,1,cuneus,116.65665
21,baseline,CSp,acquisition,2,cuneus,136.8218
21,baseline,CSp,acquisition,3,cuneus,125.460266
21,baseline,CSp,extinction,1,cuneus,108.87898
21,baseline,CSp,extinction,2,cuneus,84.07632
21,baseline,CSp,extinction,3,cuneus,173.22641
21,baseline,CSm,baseline,1,cuneus,136.99252
21,baseline,CSm,baseline,2,cuneus,68.90661
21,baseline,CSm,baseline,3,cuneus,54.56468
21,baseline,CSm,acquisition,1,cuneus,123.25395
21,baseline,CSm,acquisition,2,cuneus,79.31416
21,baseline,CSm,acquisition,3,cuneus,90.88996
21,baseline,CSm,extinction,1,cuneus,123.83665
21,baseline,CSm,extinction,2,cuneus,70.105484
21,baseline,CSm,extinction,3,cuneus,75.33854
21,acquisition,CSp,baseline,1,cuneus,143.61847
21,acquisition,CSp,baseline,2,cuneus,99.05854
21,acquisition,CSp,baseline,3,cuneus,122.278915
21,acquisition,CSp,acquisition,1,cuneus,136.72055
21,acquisition,CSp,acquisition,2,cuneus,25.989738
21,acquisition,CSp,acquisition,3,cuneus,69.16613
21,acquisition,CSp,extinction,1,cuneus,17.438354
21,acquisition,CSp,extinction,2,cuneus,
21,acquisition,CSp,extinction,3,cuneus,119.72974
21,acquisition,CSm,baseline,1,cuneus,157.65613
21,acquisition,CSm,baseline,2,cuneus,78.81806
21,acquisition,CSm,baseline,3,cuneus,61.87362
21,acquisition,CSm,acquisition,1,cuneus,70.35125
21,acquisition,CSm,acquisition,2,cuneus,88.53238
21,acquisition,CSm,acquisition,3,cuneus,59.762047
21,acquisition,CSm,extinction,1,cuneus,125.5819
21,acquisition,CSm,extinction,2,cuneus,84.38914
21,acquisition,CSm,extinction,3,cuneus,99.34326
21,extinction,CSp,baseline,1,cuneus,152.1723
21,extinction,CSp,baseline,2,cuneus,
21,extinction,CSp,baseline,3,cuneus,83.35263
21,extinction,CSp,acquisition,1,cuneus,114.17452
21,extinction,CSp,acquisition,2,cuneus,45.701126
21,extinction,CSp,acquisition,3,cuneus,87.79092
21,extinction,CSp,extinction,1,cuneus,71.41273
21,extinction,CSp,extinction,2,cuneus,82.51177
21,extinction,CSp,extinction,3,cuneus,90.23519
21,extinction,CSm,baseline,1,cuneus,106.63453
21,extinction,CSm,baseline,2,cuneus,36.13198
21,extinction,CSm,baseline,3,cuneus,50.308792
21,extinction,CSm,acquisition,1,cuneus,142.45271
21,extinction,CSm,acquisition,2,cuneus,49.46557
21,extinction,CSm,acquisition,3,cuneus,37.35013
21,extinction,CSm,extinction,1,cuneus,127.861404
21,extinction,CSm,extinction,2,cuneus,138.70355
21,extinction,CSm,extinction,3,cuneus,42.888214
101,baseline,CSp,baseline,1,cuneus,25.319971
101,baseline,CSp,baseline,2,cuneus,
101,baseline,CSp,baseline,3,cuneus,73.82579
101,baseline,CSp,acquisition,1,cuneus,-22.084263
101,baseline,CSp,acquisition,2,cuneus,86.16622
101,baseline,CSp,acquisition,3,cuneus,51.315224
101,baseline,CSp,extinction,1,cuneus,40.318977
101,baseline,CSp,extinction,2,cuneus,118.8682
101,baseline,CSp,extinction,3,cuneus,7.9074755
101,baseline,CSm,baseline,1,cuneus,26.117168
101,baseline,CSm,baseline,2,cuneus,94.47653
101,baseline,CSm,baseline,3,cuneus,122.75459
101,baseline,CSm,acquisition,1,cuneus,40.390236
101,baseline,CSm,acquisition,2,cuneus,
101,baseline,CSm,acquisition,3,cuneus,116.35028
101,baseline,CSm,extinction,1,cuneus,-12.698944
101,baseline,CSm,extinction,2,cuneus,119.856346
101,baseline,CSm,extinction,3,cuneus,28.374935
101,acquisition,CSp,baseline,1,cuneus,86.37525
101,acquisition,CSp,baseline,2,cuneus,3.1059444
101,acquisition,CSp,baseline,3,cuneus,4.4846497
101,acquisition,CSp,acquisition,1,cuneus,70.42355
101,acquisition,CSp,acquisition,2,cuneus,65.621086
101,acquisition,CSp,acquisition,3,cuneus,42.470398
101,acquisition,CSp,extinction,1,cuneus,40.595993
101,acquisition,CSp,extinction,2,cuneus,
101,acquisition,CSp,extinction,3,cuneus,20.5067
101,acquisition,CSm,baseline,1,cuneus,
101,acquisition,CSm,baseline,2,cuneus,291.07202
101,acquisition,CSm,baseline,3,cuneus,-73.24027
101,acquisition,CSm,acquisition,1,cuneus,-40.206696
101,acquisition,CSm,acquisition,2,cuneus,74.95806
101,acquisition,CSm,acquisition,3,cuneus,86.13601
101,acquisition,CSm,extinction,1,cuneus,30.39734
101,acquisition,CSm,extinction,2,cuneus,138.5834
101,acquisition,CSm,extinction,3,cuneus,42.04053
101,extinction,CSp,baseline,1,cuneus,38.75738
101,extinction,CSp,baseline,2,cuneus,120.97924
101,extinction,CSp,baseline,3,cuneus,
101,extinction,CSp,acquisition,1,cuneus,24.268236
101,extinction,CSp,acquisition,2,cuneus,65.82375
101,extinction,CSp,acquisition,3,cuneus,113.56782
101,extinction,CSp,extinction,1,cuneus,
101,extinction,CSp,extinction,2,cuneus,137.4115
101,extinction,CSp,extinction,3,cuneus,60.931293
101,extinction,CSm,baseline,1,cuneus,89.45271
101,extinction,CSm,baseline,2,cuneus,97.95595
101,extinction,CSm,baseline,3,cuneus,
101,extinction,CSm,acquisition,1,cuneus,
101,extinction,CSm,acquisition,2,cuneus,114.90762
101,extinction,CSm,acquisition,3,cuneus,58.977974
101,extinction,CSm,extinction,1,cuneus,52.178894
101,extinction,CSm,extinction,2,cuneus,99.67454
101,extinction,CSm,extinction,3,cuneus,54.954723
102,baseline,CSp,baseline,1,cuneus,38.129086
102,baseline,CSp,baseline,2,cuneus,-64.57944
102,baseline,CSp,baseline,3,cuneus,
102,baseline,CSp,acquisition,1,cuneus,
102,baseline,CSp,acquisition,2,cuneus,23.847178
102,baseline,CSp,acquisition,3,cuneus,74.20103
102,baseline,CSp,extinction,1,cuneus,12.987043
102,baseline,CSp,extinction,2,cuneus,36.882454
102,baseline,CSp,extinction,3,cuneus,44.484856
102,baseline,CSm,baseline,1,cuneus,
102,baseline,CSm,baseline,2,cuneus,39.76271
102,baseline,CSm,baseline,3,cuneus,
102,baseline,CSm,acquisition,1,cuneus,47.970108
102,baseline,CSm,acquisition,2,cuneus,45.434193
102,baseline,CSm,acquisition,3,cuneus,-11.928405
102,baseline,CSm,extinction,1,cuneus,1.3819653
102,baseline,CSm,extinction,2,cuneus,38.890892
102,baseline,CSm,extinction,3,cuneus,13.924036
102,acquisition,CSp,baseline,1,cuneus,
102,acquisition,CSp,baseline,2,cuneus,-62.707882
102,acquisition,CSp,baseline,3,cuneus,103.273476
102,acquisition,CSp,acquisition,1,cuneus,32.585472
102,acquisition,CSp,acquisition,2,cuneus,
102,acquisition,CSp,acquisition,3,cuneus,-7.6946383
102,acquisition,CSp,extinction,1,cuneus,0.78119934
102,acquisition,CSp,extinction,2,cuneus,-11.91075
102,acquisition,CSp,extinction,3,cuneus,25.79826
102,acquisition,CSm,baseline,1,cuneus,-6.9727254
102,acquisition,CSm,baseline,2,cuneus,13.410207
102,acquisition,CSm,baseline,3,cuneus,42.1278
102,acquisition,CSm,acquisition,1,cuneus,2.2396035
102,acquisition,CSm,acquisition,2,cuneus,33.88963
102,acquisition,CSm,acquisition,3,cuneus,-42.84535
102,acquisition,CSm,extinction,1,cuneus,-0.7180127
102,acquisition,CSm,extinction,2,cuneus,30.997671
102,acquisition,CSm,extinction,3,cuneus,-8.639946
102,extinction,CSp,baseline,1,cuneus,-102.341995
102,extinction,CSp,baseline,2,cuneus,67.59873
102,extinction,CSp,baseline,3,cuneus,
102,extinction,CSp,acquisition,1,cuneus,15.875495
102,extinction,CSp,acquisition,2,cuneus,7.735425
102,extinction,CSp,acquisition,3,cuneus,13.168693
102,extinction,CSp,extinction,1,cuneus,23.08131
102,extinction,CSp,extinction,2,cuneus,-26.002876
102,extinction,CSp,extinction,3,cuneus,-10.310317
102,extinction,CSm,baseline,1,cuneus,39.142277
102,extinction,CSm,baseline,2,cuneus,6.7669435
102,extinction,CSm,baseline,3,cuneus,
102,extinction,CSm,acquisition,1,cuneus,185.81891
102,extinction,CSm,acquisition,2,cuneus,34.67659
102,extinction,CSm,acquisition,3,cuneus,12.499259
102,extinction,CSm,extinction,1,cuneus,14.138389
102,extinction,CSm,extinction,2,cuneus,46.616096
102,extinction,CSm,extinction,3,cuneus,33.78425
103,baseline,CSp,baseline,1,cuneus,168.43848
103,baseline,CSp,baseline,2,cuneus,151.73198
103,baseline,CSp,baseline,3,cuneus,145.44029
103,baseline,CSp,acquisition,1,cuneus,167.54073
103,baseline,CSp,acquisition,2,cuneus,169.30746
103,baseline,CSp,acquisition,3,cuneus,147.03389
103,baseline,CSp,extinction,1,cuneus,125.89482
103,baseline,CSp,extinction,2,cuneus,88.714615
103,baseline,CSp,extinction,3,cuneus,141.94955
103,baseline,CSm,baseline,1,cuneus,153.32812
103,baseline,CSm,baseline,2,cuneus,153.71527
103,baseline,CSm,baseline,3,cuneus,123.05867
103,baseline,CSm,acquisition,1,cuneus,112.34375
103,baseline,CSm,acquisition,2,cuneus,92.76678
103,baseline,CSm,acquisition,3,cuneus,170.65259
103,baseline,CSm,extinction,1,cuneus,206.12889
103,baseline,CSm,extinction,2,cuneus,163.43971
103,baseline,CSm,extinction,3,cuneus,135.85324
103,acquisition,CSp,baseline,1,cuneus,117.224144
103,acquisition,CSp,baseline,2,cuneus,206.93903
103,acquisition,CSp,baseline,3,cuneus,129.76566
103,acquisition,CSp,acquisition,1,cuneus,159.79976
103,acquisition,CSp,acquisition,2,cuneus,136.70921
103,acquisition,CSp,acquisition,3,cuneus,180.55083
103,acquisition,CSp,extinction,1,cuneus,154.83429
103,acquisition,CSp,extinction,2,cuneus,82.83712
103,acquisition,CSp,extinction,3,cuneus,146.31837
103,acquisition,CSm,baseline,1,cuneus,160.21222
103,acquisition,CSm,baseline,2,cuneus,142.90259
103,acquisition,CSm,baseline,3,cuneus,130.99437
103,acquisition,CSm,acquisition,1,cuneus,171.12318
103,acquisition,CSm,acquisition,2,cuneus,
103,acquisition,CSm,acquisition,3,cuneus,143.17934
103,acquisition,CSm,extinction,1,cuneus,111.16645
103,acquisition,CSm,extinction,2,cuneus,153.72755
103,acquisition,CSm,extinction,3,cuneus,281.00146
103,extinction,CSp,baseline,1,cuneus,122.7794
103,extinction,CSp,baseline,2,cuneus,228.71872
103,extinction,CSp,baseline,3,cuneus,196.32875
103,extinction,CSp,acquisition,1,cuneus,172.07016
103,extinction,CSp,acquisition,2,cuneus,175.06793
103,extinction,CSp,acquisition,3,cuneus,191.41522
103,extinction,CSp,extinction,1,cuneus,136.38683
103,extinction,CSp,extinction,2,cuneus,38.489407
103,extinction,CSp,extinction,3,cuneus,133.67055
103,extinction,CSm,baseline,1,cuneus,149.59673
103,extinction,CSm,baseline,2,cuneus,177.94566
103,extinction,CSm,baseline,3,cuneus,203.80957
103,extinction,CSm,acquisition,1,cuneus,134.28278
103,extinction,CSm,acquisition,2,cuneus,142.6718
103,extinction,CSm,acquisition,3,cuneus,151.09557
103,extinction,CSm,extinction,1,cuneus,129.63829
103,extinction,CSm,extinction,2,cuneus,38.71887
103,extinction,CSm,extinction,3,cuneus,221.97992
104,baseline,CSp,baseline,1,cuneus,103.954056
104,baseline,CSp,baseline,2,cuneus,-12.5809
104,baseline,CSp,baseline,3,cuneus,0.3529327
104,baseline,CSp,acquisition,1,cuneus,11.787292
104,baseline,CSp,acquisition,2,cuneus,-21.49499
104,baseline,CSp,acquisition,3,cuneus,4.6602798
104,baseline,CSp,extinction,1,cuneus,
104,baseline,CSp,extinction,2,cuneus,-65.65555
104,baseline,CSp,extinction,3,cuneus,-67.63163
104,baseline,CSm,baseline,1,cuneus,57.283924
104,baseline,CSm,baseline,2,cuneus,4.1221256
104,baseline,CSm,baseline,3,cuneus,-30.824995
104,baseline,CSm,acquisition,1,cuneus,71.14145
104,baseline,CSm,acquisition,2,cuneus,3.027637
104,baseline,CSm,acquisition,3,cuneus,-3.6883426
104,baseline,CSm,extinction,1,cuneus,74.13013
104,baseline,CSm,extinction,2,cuneus,0.16182628
104,baseline,CSm,extinction,3,cuneus,10.8181715
104,acquisition,CSp,baseline,1,cuneus,131.30032
104,acquisition,CSp,baseline,2,cuneus,22.306757
104,acquisition,CSp,baseline,3,cuneus,10.172726
104,acquisition,CSp,acquisition,1,cuneus,108.73319
104,acquisition,CSp,acquisition,2,cuneus,13.834345
104,acquisition,CSp,acquisition,3,cuneus,9.66882
104,acquisition,CSp,extinction,1,cuneus,38.234882
104,acquisition,CSp,extinction,2,cuneus,-2.4993572
104,acquisition,CSp,extinction,3,cuneus,-76.10856
104,acquisition,CSm,baseline,1,cuneus,25.784178
104,acquisition,CSm,baseline,2,cuneus,-15.651719
104,acquisition,CSm,baseline,3,cuneus,-4.8268914
104,acquisition,CSm,acquisition,1,cuneus,32.79299
104,acquisition,CSm,acquisition,2,cuneus,-11.227369
104,acquisition,CSm,acquisition,3,cuneus,-28.854189
104,acquisition,CSm,extinction,1,cuneus,48.417416
104,acquisition,CSm,extinction,2,cuneus,-9.070591
104,acquisition,CSm,extinction,3,cuneus,-36.013348
104,extinction,CSp,baseline,1,cuneus,21.47466
104,extinction,CSp,baseline,2,cuneus,-36.022266
104,extinction,CSp,baseline,3,cuneus,9.073155
104,extinction,CSp,acquisition,1,cuneus,43.774544
104,extinction,CSp,acquisition,2,cuneus,-56.965065
104,extinction,CSp,acquisition,3,cuneus,-2.695017
104,extinction,CSp,extinction,1,cuneus,
104,extinction,CSp,extinction,2,cuneus,-9.241869
104,extinction,CSp,extinction,3,cuneus,-13.45804
104,extinction,CSm,baseline,1,cuneus,103.752464
104,extinction,CSm,baseline,2,cuneus,-45.70201
104,extinction,CSm,baseline,3,cuneus,-86.50057
104,extinction,CSm,acquisition,1,cuneus,66.50763
104,extinction,CSm,acquisition,2,cuneus,5.218714
104,extinction,CSm,acquisition,3,cuneus,18.96377
104,extinction,CSm,extinction,1,cuneus,-6.0741568
104,extinction,CSm,extinction,2,cuneus,-54.83363
104,extinction,CSm,extinction,3,cuneus,-34.754692
105,baseline,CSp,baseline,1,cuneus,183.97691
105,baseline,CSp,baseline,2,cuneus,81.05959
105,baseline,CSp,baseline,3,cuneus,128.37044
105,baseline,CSp,acquisition,1,cuneus,107.9713
105,baseline,CSp,acquisition,2,cuneus,110.150635
105,baseline,CSp,acquisition,3,cuneus,228.90442
105,baseline,CSp,extinction,1,cuneus,20.364794
105,baseline,CSp,extinction,2,cuneus,131.75168
105,baseline,CSp,extinction,3,cuneus,-117.19147
105,baseline,CSm,baseline,1,cuneus,64.82679
105,baseline,CSm,baseline,2,cuneus,48.38223
105,baseline,CSm,baseline,3,cuneus,23.260393
105,baseline,CSm,acquisition,1,cuneus,16.861473
105,baseline,CSm,acquisition,2,cuneus,332.1213
105,baseline,CSm,acquisition,3,cuneus,39.27575
105,baseline,CSm,extinction,1,cuneus,99.333
105,baseline,CSm,extinction,2,cuneus,87.33256
105,baseline,CSm,extinction,3,cuneus,167.87567
105,acquisition,CSp,baseline,1,cuneus,97.628914
105,acquisition,CSp,baseline,2,cuneus,77.83005
105,acquisition,CSp,baseline,3,cuneus,91.26226
105,acquisition,CSp,acquisition,1,cuneus,99.63921
105,acquisition,CSp,acquisition,2,cuneus,147.24995
105,acquisition,CSp,acquisition,3,cuneus,136.36542
105,acquisition,CSp,extinction,1,cuneus,
105,acquisition,CSp,extinction,2,cuneus,30.899534
105,acquisition,CSp,extinction,3,cuneus,
105,acquisition,CSm,baseline,1,cuneus,80.68811
105,acquisition,CSm,baseline,2,cuneus,71.58071
105,acquisition,CSm,baseline,3,cuneus,109.53077
105,acquisition,CSm,acquisition,1,cuneus,61.707455
105,acquisition,CSm,acquisition,2,cuneus,136.16473
105,acquisition,CSm,acquisition,3,cuneus,209.74277
105,acquisition,CSm,extinction,1,cuneus,56.256474
105,acquisition,CSm,extinction,2,cuneus,
105,acquisition,CSm,extinction,3,cuneus,247.73645
105,extinction,CSp,baseline,1,cuneus,83.21707
105,extinction,CSp,baseline,2,cuneus,-64.1273
105,extinction,CSp,baseline,3,cuneus,35.89627
105,extinction,CSp,acquisition,1,cuneus,163.3968
105,extinction,CSp,acquisition,2,cuneus,140.45464
105,extinction,CSp,acquisition,3,cuneus,180.44968
105,extinction,CSp,extinction,1,cuneus,123.90995
105,extinction,CSp,extinction,2,cuneus,135.83646
105,extinction,CSp,extinction,3,cuneus,
105,extinction,CSm,baseline,1,cuneus,167.21161
105,extinction,CSm,baseline,2,cuneus,117.4483
105,extinction,CSm,baseline,3,cuneus,94.007256
105,extinction,CSm,acquisition,1,cuneus,25.656197
105,extinction,CSm,acquisition,2,cuneus,80.32189
105,extinction,CSm,acquisition,3,cuneus,-24.52012
105,extinction,CSm,extinction,1,cuneus,125.37854
105,extinction,CSm,extinction,2,cuneus,50.147278
105,extinction,CSm,extinction,3,cuneus,271.31323
106,baseline,CSp,baseline,1,cuneus,202.45367
106,baseline,CSp,baseline,2,cuneus,190.34628
106,baseline,CSp,baseline,3,cuneus,192.01367
106,baseline,CSp,acquisition,1,cuneus,226.48833
106,baseline,CSp,acquisition,2,cuneus,158.61702
106,baseline,CSp,acquisition,3,cuneus,196.60278
106,baseline,CSp,extinction,1,cuneus,239.1739
106,baseline,CSp,extinction,2,cuneus,
106,baseline,CSp,extinction,3,cuneus,126.64962
106,baseline,CSm,baseline,1,cuneus,201.15807
106,baseline,CSm,baseline,2,cuneus,250.10022
106,baseline,CSm,baseline,3,cuneus,145.07529
106,baseline,CSm,acquisition,1,cuneus,252.01917
106,baseline,CSm,acquisition,2,cuneus,167.2172
106,baseline,CSm,acquisition,3,cuneus,80.66441
106,baseline,CSm,extinction,1,cuneus,131.516
106,baseline,CSm,extinction,2,cuneus,191.82678
106,baseline,CSm,extinction,3,cuneus,
106,acquisition,CSp,baseline,1,cuneus,209.81323
106,acquisition,CSp,baseline,2,cuneus,167.88756
106,acquisition,CSp,baseline,3,cuneus,178.79677
106,acquisition,CSp,acquisition,1,cuneus,177.74236
106,acquisition,CSp,acquisition,2,cuneus,180.25668
106,acquisition,CSp,acquisition,3,cuneus,201.63551
106,acquisition,CSp,extinction,1,cuneus,
106,acquisition,CSp,extinction,2,cuneus,
106,acquisition,CSp,extinction,3,cuneus,
106,acquisition,CSm,baseline,1,cuneus,227.7457
106,acquisition,CSm,baseline,2,cuneus,167.2098
106,acquisition,CSm,baseline,3,cuneus,142.359
106,acquisition,CSm,acquisition,1,cuneus,255.3436
106,acquisition,CSm,acquisition,2,cuneus,173.52046
106,acquisition,CSm,acquisition,3,cuneus,166.62422
106,acquisition,CSm,extinction,1,cuneus,260.6608
106,acquisition,CSm,extinction,2,cuneus,232.23457
106,acquisition,CSm,extinction,3,cuneus,157.97359
106,extinction,CSp,baseline,1,cuneus,281.07938
106,extinction,CSp,baseline,2,cuneus,185.10849
106,extinction,CSp,baseline,3,cuneus,75.788666
106,extinction,CSp,acquisition,1,cuneus,302.98593
106,extinction,CSp,acquisition,2,cuneus,159.38675
106,extinction,CSp,acquisition,3,cuneus,132.8392
106,extinction,CSp,extinction,1,cuneus,143.2423
106,extinction,CSp,extinction,2,cuneus,
106,extinction,CSp,extinction,3,cuneus,225.36356
106,extinction,CSm,baseline,1,cuneus,178.37747
106,extinction,CSm,baseline,2,cuneus,169.8389
106,extinction,CSm,baseline,3,cuneus,185.04895
106,extinction,CSm,acquisition,1,cuneus,109.20338
106,extinction,CSm,acquisition,2,cuneus,239.8307
106,extinction,CSm,acquisition,3,cuneus,199.06033
106,extinction,CSm,extinction,1,cuneus,185.18414
106,extinction,CSm,extinction,2,cuneus,229.30408
106,extinction,CSm,extinction,3,cuneus,179.80922
107,baseline,CSp,baseline,1,cuneus,87.112816
107,baseline,CSp,baseline,2,cuneus,27.457922
107,baseline,CSp,baseline,3,cuneus,154.56538
107,baseline,CSp,acquisition,1,cuneus,39.83915
107,baseline,CSp,acquisition,2,cuneus,103.34791
107,baseline,CSp,acquisition,3,cuneus,56.938976
107,baseline,CSp,extinction,1,cuneus,95.894295
107,baseline,CSp,extinction,2,cuneus,118.641495
107,baseline,CSp,extinction,3,cuneus,28.71989
107,baseline,CSm,baseline,1,cuneus,38.92495
107,baseline,CSm,baseline,2,cuneus,44.29407
107,baseline,CSm,baseline,3,cuneus,136.94402
107,baseline,CSm,acquisition,1,cuneus,55.183537
107,baseline,CSm,acquisition,2,cuneus,59.3587
107,baseline,CSm,acquisition,3,cuneus,133.07336
107,baseline,CSm,extinction,1,cuneus,21.64691
107,baseline,CSm,extinction,2,cuneus,114.341644
107,baseline,CSm,extinction,3,cuneus,105.53806
107,acquisition,CSp,baseline,1,cuneus,41.05914
107,acquisition,CSp,baseline,2,cuneus,61.27418
107,acquisition,CSp,baseline,3,cuneus,46.091694
107,acquisition,CSp,acquisition,1,cuneus,47.693798
107,acquisition,CSp,acquisition,2,cuneus,125.6228
107,acquisition,CSp,acquisition,3,cuneus,111.08815
107,acquisition,CSp,extinction,1,cuneus,109.11591
107,acquisition,CSp,extinction,2,cuneus,135.92392
107,acquisition,CSp,extinction,3,cuneus,133.90443
107,acquisition,CSm,baseline,1,cuneus,73.35966
107,acquisition,CSm,baseline,2,cuneus,155.7903
107,acquisition,CSm,baseline,3,cuneus,127.727394
107,acquisition,CSm,acquisition,1,cuneus,23.807545
107,acquisition,CSm,acquisition,2,cuneus,107.23584
107,acquisition,CSm,acquisition,3,cuneus,147.91171
107,acquisition,CSm,extinction,1,cuneus,
107,acquisition,CSm,extinction,2,cuneus,52.688557
107,acquisition,CSm,extinction,3,cuneus,60.407177
107,extinction,CSp,baseline,1,cuneus,97.85135
107,extinction,CSp,baseline,2,cuneus,168.45332
107,extinction,CSp,baseline,3,cuneus,114.353836
107,extinction,CSp,acquisition,1,cuneus,88.998146
107,extinction,CSp,acquisition,2,cuneus,121.341644
107,extinction,CSp,acquisition,3,cuneus,152.25291
107,extinction,CSp,extinction,1,cuneus,
107,extinction,CSp,extinction,2,cuneus,157.48566
107,extinction,CSp,extinction,3,cuneus,
107,extinction,CSm,baseline,1,cuneus,83.658844
107,extinction,CSm,baseline,2,cuneus,49.299435
107,extinction,CSm,baseline,3,cuneus,151.01883
107,extinction,CSm,acquisition,1,cuneus,119.74889
107,extinction,CSm,acquisition,2,cuneus,91.579384
107,extinction,CSm,acquisition,3,cuneus,100.32428
107,extinction,CSm,extinction,1,cuneus,58.079678
107,extinction,CSm,extinction,2,cuneus,101.62929
107,extinction,CSm,extinction,3,cuneus,79.6756
108,baseline,CSp,baseline,1,cuneus,53.248882
108,baseline,CSp,baseline,2,cuneus,
108,baseline,CSp,baseline,3,cuneus,36.191303
108,baseline,CSp,acquisition,1,cuneus,46.446613
108,baseline,CSp,acquisition,2,cuneus,56.138878
108,baseline,CSp,acquisition,3,cuneus,31.168066
108,baseline,CSp,extinction,1,cuneus,8.022302
108,baseline,CSp,extinction,2,cuneus,-23.050262
108,baseline,CSp,extinction,3,cuneus,45.771347
108,baseline,CSm,baseline,1,cuneus,19.145287
108,baseline,CSm,baseline,2,cuneus,15.061295
108,baseline,CSm,baseline,3,cuneus,23.562054
108,baseline,CSm,acquisition,1,cuneus,66.536026
108,baseline,CSm,acquisition,2,cuneus,28.545801
108,baseline,CSm,acquisition,3,cuneus,48.67639
108,baseline,CSm,extinction,1,cuneus,117.11977
108,baseline,CSm,extinction,2,cuneus,70.922714
108,baseline,CSm,extinction,3,cuneus,38.780563
108,acquisition,CSp,baseline,1,cuneus,-65.09662
108,acquisition,CSp,baseline,2,cuneus,70.98807
108,acquisition,CSp,baseline,3,cuneus,53.164352
108,acquisition,CSp,acquisition,1,cuneus,16.165167
108,acquisition,CSp,acquisition,2,cuneus,59.25713
108,acquisition,CSp,acquisition,3,cuneus,-84.32414
108,acquisition,CSp,extinction,1,cuneus,19.736868
108,acquisition,CSp,extinction,2,cuneus,89.93473
108,acquisition,CSp,extinction,3,cuneus,39.606617
108,acquisition,CSm,baseline,1,cuneus,17.153833
108,acquisition,CSm,baseline,2,cuneus,48.5334
108,acquisition,CSm,baseline,3,cuneus,-17.174803
108,acquisition,CSm,acquisition,1,cuneus,19.718817
108,acquisition,CSm,acquisition,2,cuneus,89.70504
108,acquisition,CSm,acquisition,3,cuneus,-1.6111919
108,acquisition,CSm,extinction,1,cuneus,103.85175
108,acquisition,CSm,extinction,2,cuneus,2.9994874
108,acquisition,CSm,extinction,3,cuneus,37.48468
108,extinction,CSp,baseline,1,cuneus,49.117092
108,extinction,CSp,baseline,2,cuneus,73.08905
108,extinction,CSp,baseline,3,cuneus,25.560743
108,extinction,CSp,acquisition,1,cuneus,36.99291
108,extinction,CSp,acquisition,2,cuneus,-34.13315
108,extinction,CSp,acquisition,3,cuneus,39.62976
108,extinction,CSp,extinction,1,cuneus,74.9272
108,extinction,CSp,extinction,2,cuneus,23.75924
108,extinction,CSp,extinction,3,cuneus,-10.000714
108,extinction,CSm,baseline,1,cuneus,
108,extinction,CSm,baseline,2,cuneus,90.90063
108,extinction,CSm,baseline,3,cuneus,91.30722
108,extinction,CSm,acquisition,1,cuneus,52.350925
108,extinction,CSm,acquisition,2,cuneus,72.07832
108,extinction,CSm,acquisition,3,cuneus,-22.33984
108,extinction,CSm,extinction,1,cuneus,16.925724
108,extinction,CSm,extinction,2,cuneus,64.168655
108,extinction,CSm,extinction,3,cuneus,53.907764
109,baseline,CSp,baseline,1,cuneus,
109,baseline,CSp,baseline,2,cuneus,217.46207
109,baseline,CSp,baseline,3,cuneus,107.34563
109,baseline,CSp,acquisition,1,cuneus,-10.478242
109,baseline,CSp,acquisition,2,cuneus,111.221
109,baseline,CSp,acquisition,3,cuneus,18.048841
109,baseline,CSp,extinction,1,cuneus,-60.74715
109,baseline,CSp,extinction,2,cuneus,104.982285
109,baseline,CSp,extinction,3,cuneus,-10.005948
109,baseline,CSm,baseline,1,cuneus,-90.325356
109,baseline,CSm,baseline,2,cuneus,
109,baseline,CSm,baseline,3,cuneus,11.743091
109,baseline,CSm,acquisition,1,cuneus,-11.403258
109,baseline,CSm,acquisition,2,cuneus,145.92805
109,baseline,CSm,acquisition,3,cuneus,-37.51812
109,baseline,CSm,extinction,1,cuneus,53.64554
109,baseline,CSm,extinction,2,cuneus,155.85265
109,baseline,CSm,extinction,3,cuneus,126.563736
109,acquisition,CSp,baseline,1,cuneus,-47.086067
109,acquisition,CSp,baseline,2,cuneus,
109,acquisition,CSp,baseline,3,cuneus,
109,acquisition,CSp,acquisition,1,cuneus,-35.294174
109,acquisition,CSp,acquisition,2,cuneus,67.89725
109,acquisition,CSp,acquisition,3,cuneus,-36.678806
109,acquisition,CSp,extinction,1,cuneus,21.55204
109,acquisition,CSp,extinction,2,cuneus,165.0008
109,acquisition,CSp,extinction,3,cuneus,-85.868256
109,acquisition,CSm,baseline,1,cuneus,
109,acquisition,CSm,baseline,2,cuneus,
109,acquisition,CSm,baseline,3,cuneus,
109,acquisition,CSm,acquisition,1,cuneus,-94.89663
109,acquisition,CSm,acquisition,2,cuneus,176.21584
109,acquisition,CSm,acquisition,3,cuneus,-30.844933
109,acquisition,CSm,extinction,1,cuneus,-12.741608
109,acquisition,CSm,extinction,2,cuneus,297.1519
109,acquisition,CSm,extinction,3,cuneus,75.209015
109,extinction,CSp,baseline,1,cuneus,
109,extinction,CSp,baseline,2,cuneus,
109,extinction,CSp,baseline,3,cuneus,
109,extinction,CSp,acquisition,1,cuneus,-17.574806
109,extinction,CSp,acquisition,2,cuneus,85.07486
109,extinction,CSp,acquisition,3,cuneus,-63.14155
109,extinction,CSp,extinction,1,cuneus,-8.784287
109,extinction,CSp,extinction,2,cuneus,86.7011
109,extinction,CSp,extinction,3,cuneus,-25.924355
109,extinction,CSm,baseline,1,cuneus,-116.539246
109,extinction,CSm,baseline,2,cuneus,-12.342616
109,extinction,CSm,baseline,3,cuneus,8.851046
109,extinction,CSm,acquisition,1,cuneus,-86.15322
109,extinction,CSm,acquisition,2,cuneus,156.09328
109,extinction,CSm,acquisition,3,cuneus,-20.856485
109,extinction,CSm,extinction,1,cuneus,-36.854874
109,extinction,CSm,extinction,2,cuneus,-23.261332
109,extinction,CSm,extinction,3,cuneus,14.561162
110,baseline,CSp,baseline,1,cuneus,37.1168
110,baseline,CSp,baseline,2,cuneus,80.15216
110,baseline,CSp,baseline,3,cuneus,-60.63506
110,baseline,CSp,acquisition,1,cuneus,49.86633
110,baseline,CSp,acquisition,2,cuneus,43.966732
110,baseline,CSp,acquisition,3,cuneus,-195.12537
110,baseline,CSp,extinction,1,cuneus,258.17755
110,baseline,CSp,extinction,2,cuneus,-240.03549
110,baseline,CSp,extinction,3,cuneus,-463.63663
110,baseline,CSm,baseline,1,cuneus,284.50363
110,baseline,CSm,baseline,2,cuneus,106.12282
110,baseline,CSm,baseline,3,cuneus,-459.65146
110,baseline,CSm,acquisition,1,cuneus,-44.847195
110,baseline,CSm,acquisition,2,cuneus,-17.258568
110,baseline,CSm,acquisition,3,cuneus,128.41414
110,baseline,CSm,extinction,1,cuneus,272.2558
110,baseline,CSm,extinction,2,cuneus,-13.566171
110,baseline,CSm,extinction,3,cuneus,3.5896719
110,acquisition,CSp,baseline,1,cuneus,332.51996
110,acquisition,CSp,baseline,2,cuneus,-8.198648
110,acquisition,CSp,baseline,3,cuneus,-330.61615
110,acquisition,CSp,acquisition,1,cuneus,228.66237
110,acquisition,CSp,acquisition,2,cuneus,78.827736
110,acquisition,CSp,acquisition,3,cuneus,229.81871
110,acquisition,CSp,extinction,1,cuneus,39.249107
110,acquisition,CSp,extinction,2,cuneus,-98.98578
110,acquisition,CSp,extinction,3,cuneus,-295.21603
110,acquisition,CSm,baseline,1,cuneus,
110,acquisition,CSm,baseline,2,cuneus,-147.51215
110,acquisition,CSm,baseline,3,cuneus,91.11745
110,acquisition,CSm,acquisition,1,cuneus,177.9612
110,acquisition,CSm,acquisition,2,cuneus,9.597627
110,acquisition,CSm,acquisition,3,cuneus,2.702094
110,acquisition,CSm,extinction,1,cuneus,396.46564
110,acquisition,CSm,extinction,2,cuneus,-62.692265
110,acquisition,CSm,extinction,3,cuneus,232.44917
110,extinction,CSp,baseline,1,cuneus,301.69647
110,extinction,CSp,baseline,2,cuneus,118.220535
110,extinction,CSp,baseline,3,cuneus,-157.1601
110,extinction,CSp,acquisition,1,cuneus,220.8281
110,extinction,CSp,acquisition,2,cuneus,0.77755386
110,extinction,CSp,acquisition,3,cuneus,-48.520252
110,extinction,CSp,extinction,1,cuneus,226.83733
110,extinction,CSp,extinction,2,cuneus,104.63568
110,extinction,CSp,extinction,3,cuneus,-117.96343
110,extinction,CSm,baseline,1,cuneus,205.26045
110,extinction,CSm,baseline,2,cuneus,215.22491
110,extinction,CSm,baseline,3,cuneus,-187.34937
110,extinction,CSm,acquisition,1,cuneus,
110,extinction,CSm,acquisition,2,cuneus,-97.514015
110,extinction,CSm,acquisition,3,cuneus,-935.1532
110,extinction,CSm,extinction,1,cuneus,244.46898
110,extinction,CSm,extinction,2,cuneus,140.12985
110,extinction,CSm,extinction,3,cuneus,-208.9703
111,baseline,CSp,baseline,1,cuneus,144.56033
111,baseline,CSp,baseline,2,cuneus,141.49527
111,baseline,CSp,baseline,3,cuneus,9.444634
111,baseline,CSp,acquisition,1,cuneus,65.06236
111,baseline,CSp,acquisition,2,cuneus,-21.170736
111,baseline,CSp,acquisition,3,cuneus,146.08653
111,baseline,CSp,extinction,1,cuneus,
111,baseline,CSp,extinction,2,cuneus,
111,baseline,CSp,extinction,3,cuneus,55.27093
111,baseline,CSm,baseline,1,cuneus,3.6773303
111,baseline,CSm,baseline,2,cuneus,-234.26796
111,baseline,CSm,baseline,3,cuneus,-63.966644
111,baseline,CSm,acquisition,1,cuneus,
111,baseline,CSm,acquisition,2,cuneus,
111,baseline,CSm,acquisition,3,cuneus,
111,baseline,CSm,extinction,1,cuneus,90.951225
111,baseline,CSm,extinction,2,cuneus,15.386964
111,baseline,CSm,extinction,3,cuneus,128.71028
111,acquisition,CSp,baseline,1,cuneus,44.519726
111,acquisition,CSp,baseline,2,cuneus,
111,acquisition,CSp,baseline,3,cuneus,21.26298
111,acquisition,CSp,acquisition,1,cuneus,51.987366
111,acquisition,CSp,acquisition,2,cuneus,-47.949608
111,acquisition,CSp,acquisition,3,cuneus,80.10669
111,acquisition,CSp,extinction,1,cuneus,105.83254
111,acquisition,CSp,extinction,2,cuneus,-133.92294
111,acquisition,CSp,extinction,3,cuneus,
111,acquisition,CSm,baseline,1,cuneus,-49.301613
111,acquisition,CSm,baseline,2,cuneus,-66.83213
111,acquisition,CSm,baseline,3,cuneus,-24.262794
111,acquisition,CSm,acquisition,1,cuneus,-11.39497
111,acquisition,CSm,acquisition,2,cuneus,
111,acquisition,CSm,acquisition,3,cuneus,-71.643364
111,acquisition,CSm,extinction,1,cuneus,63.320618
111,acquisition,CSm,extinction,2,cuneus,-115.76251
111,acquisition,CSm,extinction,3,cuneus,-75.92873
111,extinction,CSp,baseline,1,cuneus,69.96668
111,extinction,CSp,baseline,2,cuneus,109.47247
111,extinction,CSp,baseline,3,cuneus,
111,extinction,CSp,acquisition,1,cuneus,56.41812
111,extinction,CSp,acquisition,2,cuneus,85.95241
111,extinction,CSp,acquisition,3,cuneus,44.22568
111,extinction,CSp,extinction,1,cuneus,
111,extinction,CSp,extinction,2,cuneus,
111,extinction,CSp,extinction,3,cuneus,
111,extinction,CSm,baseline,1,cuneus,42.98288
111,extinction,CSm,baseline,2,cuneus,-19.294443
111,extinction,CSm,baseline,3,cuneus,-62.574875
111,extinction,CSm,acquisition,1,cuneus,63.961246
111,extinction,CSm,acquisition,2,cuneus,43.82389
111,extinction,CSm,acquisition,3,cuneus,-65.698364
111,extinction,CSm,extinction,1,cuneus,3.0591652
111,extinction,CSm,extinction,2,cuneus,-106.06913
111,extinction,CSm,extinction,3,cuneus,2.771722
112,baseline,CSp,baseline,1,cuneus,
112,baseline,CSp,baseline,2,cuneus,
112,baseline,CSp,baseline,3,cuneus,60.8502
112,baseline,CSp,acquisition,1,cuneus,97.52093
112,baseline,CSp,acquisition,2,cuneus,52.529827
112,baseline,CSp,acquisition,3,cuneus,41.8172
112,baseline,CSp,extinction,1,cuneus,77.31673
112,baseline,CSp,extinction,2,cuneus,65.16721
112,baseline,CSp,extinction,3,cuneus,
112,baseline,CSm,baseline,1,cuneus,29.674425
112,baseline,CSm,baseline,2,cuneus,209.6202
112,baseline,CSm,baseline,3,cuneus,45.210655
112,baseline,CSm,acquisition,1,cuneus,78.88119
112,baseline,CSm,acquisition,2,cuneus,130.51112
112,baseline,CSm,acquisition,3,cuneus,28.954062
112,baseline,CSm,extinction,1,cuneus,135.32631
112,baseline,CSm,extinction,2,cuneus,-48.721096
112,baseline,CSm,extinction,3,cuneus,78.143814
112,acquisition,CSp,baseline,1,cuneus,24.84205
112,acquisition,CSp,baseline,2,cuneus,60.160595
112,acquisition,CSp,baseline,3,cuneus,
112,acquisition,CSp,acquisition,1,cuneus,66.44187
112,acquisition,CSp,acquisition,2,cuneus,86.435776
112,acquisition,CSp,acquisition,3,cuneus,59.666504
112,acquisition,CSp,extinction,1,cuneus,78.08031
112,acquisition,CSp,extinction,2,cuneus,25.728798
112,acquisition,CSp,extinction,3,cuneus,35.337063
112,acquisition,CSm,baseline,1,cuneus,94.56019
112,acquisition,CSm,baseline,2,cuneus,47.471973
112,acquisition,CSm,baseline,3,cuneus,120.49636
112,acquisition,CSm,acquisition,1,cuneus,
112,acquisition,CSm,acquisition,2,cuneus,-53.02811
112,acquisition,CSm,acquisition,3,cuneus,71.33698
112,acquisition,CSm,extinction,1,cuneus,133.24045
112,acquisition,CSm,extinction,2,cuneus,-11.811629
112,acquisition,CSm,extinction,3,cuneus,121.45842
112,extinction,CSp,baseline,1,cuneus,
112,extinction,CSp,baseline,2,cuneus,130.42459
112,extinction,CSp,baseline,3,cuneus,
112,extinction,CSp,acquisition,1,cuneus,75.7082
112,extinction,CSp,acquisition,2,cuneus,57.138817
112,extinction,CSp,acquisition,3,cuneus,36.039894
112,extinction,CSp,extinction,1,cuneus,51.66214
112,extinction,CSp,extinction,2,cuneus,-41.654324
112,extinction,CSp,extinction,3,cuneus,29.697124
112,extinction,CSm,baseline,1,cuneus,104.705246
112,extinction,CSm,baseline,2,cuneus,
112,extinction,CSm,baseline,3,cuneus,105.43229
112,extinction,CSm,acquisition,1,cuneus,86.70962
112,extinction,CSm,acquisition,2,cuneus,150.36787
112,extinction,CSm,acquisition,3,cuneus,34.424744
112,extinction,CSm,extinction,1,cuneus,-29.699108
112,extinction,CSm,extinction,2,cuneus,66.06513
112,extinction,CSm,extinction,3,cuneus,68.43797
113,baseline,CSp,baseline,1,cuneus,-12.394374
113,baseline,CSp,baseline,2,cuneus,50.50289
113,baseline,CSp,baseline,3,cuneus,52.150303
113,baseline,CSp,acquisition,1,cuneus,46.63321
113,baseline,CSp,acquisition,2,cuneus,
113,baseline,CSp,acquisition,3,cuneus,88.07106
113,baseline,CSp,extinction,1,cuneus,17.172924
113,baseline,CSp,extinction,2,cuneus,37.307983
113,baseline,CSp,extinction,3,cuneus,-28.075401
113,baseline,CSm,baseline,1,cuneus,5.4238806
113,baseline,CSm,baseline,2,cuneus,-13.854508
113,baseline,CSm,baseline,3,cuneus,19.97203
113,baseline,CSm,acquisition,1,cuneus,-15.571695
113,baseline,CSm,acquisition,2,cuneus,81.759384
113,baseline,CSm,acquisition,3,cuneus,-3.9973319
113,baseline,CSm,extinction,1,cuneus,-4.718432
113,baseline,CSm,extinction,2,cuneus,6.394403
113,baseline,CSm,extinction,3,cuneus,70.62378
113,acquisition,CSp,baseline,1,cuneus,15.084735
113,acquisition,CSp,baseline,2,cuneus,24.808723
113,acquisition,CSp,baseline,3,cuneus,35.36988
113,acquisition,CSp,acquisition,1,cuneus,-31.496084
113,acquisition,CSp,acquisition,2,cuneus,13.780065
113,acquisition,CSp,acquisition,3,cuneus,125.18359
113,acquisition,CSp,extinction,1,cuneus,50.825626
113,acquisition,CSp,extinction,2,cuneus,64.634224
113,acquisition,CSp,extinction,3,cuneus,52.288258
113,acquisition,CSm,baseline,1,cuneus,16.919857
113,acquisition,CSm,baseline,2,cuneus,97.96135
113,acquisition,CSm,baseline,3,cuneus,
113,acquisition,CSm,acquisition,1,cuneus,39.180515
113,acquisition,CSm,acquisition,2,cuneus,47.32394
113,acquisition,CSm,acquisition,3,cuneus,79.39777
113,acquisition,CSm,extinction,1,cuneus,19.172812
113,acquisition,CSm,extinction,2,cuneus,51.872517
113,acquisition,CSm,extinction,3,cuneus,29.923113
113,extinction,CSp,baseline,1,cuneus,15.757313
113,extinction,CSp,baseline,2,cuneus,11.404631
113,extinction,CSp,baseline,3,cuneus,165.86569
113,extinction,CSp,acquisition,1,cuneus,-1.9629343
113,extinction,CSp,acquisition,2,cuneus,37.968166
113,extinction,CSp,acquisition,3,cuneus,90.42483
113,extinction,CSp,extinction,1,cuneus,36.801003
113,extinction,CSp,extinction,2,cuneus,
113,extinction,CSp,extinction,3,cuneus,1.0455245
113,extinction,CSm,baseline,1,cuneus,29.646515
113,extinction,CSm,baseline,2,cuneus,34.285065
113,extinction,CSm,baseline,3,cuneus,67.71368
113,extinction,CSm,acquisition,1,cuneus,-34.664585
113,extinction,CSm,acquisition,2,cuneus,-25.442434
113,extinction,CSm,acquisition,3,cuneus,105.586975
113,extinction,CSm,extinction,1,cuneus,6.786517
113,extinction,CSm,extinction,2,cuneus,39.934998
113,extinction,CSm,extinction,3,cuneus,-6.3149
114,baseline,CSp,baseline,1,cuneus,
114,baseline,CSp,baseline,2,cuneus,
114,baseline,CSp,baseline,3,cuneus,
114,baseline,CSp,acquisition,1,cuneus,-44.42194
114,baseline,CSp,acquisition,2,cuneus,20.198559
114,baseline,CSp,acquisition,3,cuneus,221.0261
114,baseline,CSp,extinction,1,cuneus,101.24311
114,baseline,CSp,extinction,2,cuneus,62.841473
114,baseline,CSp,extinction,3,cuneus,
114,baseline,CSm,baseline,1,cuneus,
114,baseline,CSm,baseline,2,cuneus,55.39374
114,baseline,CSm,baseline,3,cuneus,295.2798
114,baseline,CSm,acquisition,1,cuneus,24.879293
114,baseline,CSm,acquisition,2,cuneus,15.276126
114,baseline,CSm,acquisition,3,cuneus,185.41888
114,baseline,CSm,extinction,1,cuneus,-12.848181
114,baseline,CSm,extinction,2,cuneus,39.587933
114,baseline,CSm,extinction,3,cuneus,206.93419
114,acquisition,CSp,baseline,1,cuneus,
114,acquisition,CSp,baseline,2,cuneus,
114,acquisition,CSp,baseline,3,cuneus,
114,acquisition,CSp,acquisition,1,cuneus,-21.298574
114,acquisition,CSp,acquisition,2,cuneus,-8.484312
114,acquisition,CSp,acquisition,3,cuneus,241.4791
114,acquisition,CSp,extinction,1,cuneus,
114,acquisition,CSp,extinction,2,cuneus,
114,acquisition,CSp,extinction,3,cuneus,
114,acquisition,CSm,baseline,1,cuneus,-210.86798
114,acquisition,CSm,baseline,2,cuneus,-93.95164
114,acquisition,CSm,baseline,3,cuneus,
114,acquisition,CSm,acquisition,1,cuneus,-30.853695
114,acquisition,CSm,acquisition,2,cuneus,24.760675
114,acquisition,CSm,acquisition,3,cuneus,215.0781
114,acquisition,CSm,extinction,1,cuneus,-67.000206
114,acquisition,CSm,extinction,2,cuneus,161.91304
114,acquisition,CSm,extinction,3,cuneus,237.1378
114,extinction,CSp,baseline,1,cuneus,
114,extinction,CSp,baseline,2,cuneus,
114,extinction,CSp,baseline,3,cuneus,
114,extinction,CSp,acquisition,1,cuneus,-17.965494
114,extinction,CSp,acquisition,2,cuneus,26.59375
114,extinction,CSp,acquisition,3,cuneus,194.44446
114,extinction,CSp,extinction,1,cuneus,-65.49717
114,extinction,CSp,extinction,2,cuneus,
114,extinction,CSp,extinction,3,cuneus,232.20604
114,extinction,CSm,baseline,1,cuneus,46.611443
114,extinction,CSm,baseline,2,cuneus,31.21431
114,extinction,CSm,baseline,3,cuneus,288.40128
114,extinction,CSm,acquisition,1,cuneus,-20.44916
114,extinction,CSm,acquisition,2,cuneus,36.509113
114,extinction,CSm,acquisition,3,cuneus,177.9468
114,extinction,CSm,extinction,1,cuneus,-31.2045
114,extinction,CSm,extinction,2,cuneus,-13.557547
114,extinction,CSm,extinction,3,cuneus,228.70985
116,baseline,CSp,baseline,1,cuneus,59.294907
116,baseline,CSp,baseline,2,cuneus,
116,baseline,CSp,baseline,3,cuneus,5.5556154
116,baseline,CSp,acquisition,1,cuneus,31.25758
116,baseline,CSp,acquisition,2,cuneus,15.704391
116,baseline,CSp,acquisition,3,cuneus,-20.256508
116,baseline,CSp,extinction,1,cuneus,4.6131706
116,baseline,CSp,extinction,2,cuneus,-0.07981191
116,baseline,CSp,extinction,3,cuneus,31.433363
116,baseline,CSm,baseline,1,cuneus,76.80972
116,baseline,CSm,baseline,2,cuneus,39.00362
116,baseline,CSm,baseline,3,cuneus,51.456554
116,baseline,CSm,acquisition,1,cuneus,50.112816
116,baseline,CSm,acquisition,2,cuneus,31.971983
116,baseline,CSm,acquisition,3,cuneus,14.950247
116,baseline,CSm,extinction,1,cuneus,
116,baseline,CSm,extinction,2,cuneus,31.415083
116,baseline,CSm,extinction,3,cuneus,84.49978
116,acquisition,CSp,baseline,1,cuneus,
116,acquisition,CSp,baseline,2,cuneus,-53.459656
116,acquisition,CSp,baseline,3,cuneus,-6.512714
116,acquisition,CSp,acquisition,1,cuneus,36.07343
116,acquisition,CSp,acquisition,2,cuneus,-9.292322
116,acquisition,CSp,acquisition,3,cuneus,-18.892416
116,acquisition,CSp,extinction,1,cuneus,18.205492
116,acquisition,CSp,extinction,2,cuneus,-14.205149
116,acquisition,CSp,extinction,3,cuneus,30.103142
116,acquisition,CSm,baseline,1,cuneus,77.513794
116,acquisition,CSm,baseline,2,cuneus,7.860515
116,acquisition,CSm,baseline,3,cuneus,4.2807174
116,acquisition,CSm,acquisition,1,cuneus,6.8082395
116,acquisition,CSm,acquisition,2,cuneus,46.0939
116,acquisition,CSm,acquisition,3,cuneus,-17.57321
116,acquisition,CSm,extinction,1,cuneus,48.283863
116,acquisition,CSm,extinction,2,cuneus,-43.959927
116,acquisition,CSm,extinction,3,cuneus,
116,extinction,CSp,baseline,1,cuneus,65.285545
116,extinction,CSp,baseline,2,cuneus,
116,extinction,CSp,baseline,3,cuneus,-1.0592972
116,extinction,CSp,acquisition,1,cuneus,21.463816
116,extinction,CSp,acquisition,2,cuneus,9.438392
116,extinction,CSp,acquisition,3,cuneus,-4.1038294
116,extinction,CSp,extinction,1,cuneus,
116,extinction,CSp,extinction,2,cuneus,-28.072659
116,extinction,CSp,extinction,3,cuneus,50.941574
116,extinction,CSm,baseline,1,cuneus,59.701283
116,extinction,CSm,baseline,2,cuneus,2.7341886
116,extinction,CSm,baseline,3,cuneus,-19.392344
116,extinction,CSm,acquisition,1,cuneus,48.343903
116,extinction,CSm,acquisition,2,cuneus,34.379784
116,extinction,CSm,acquisition,3,cuneus,12.178767
116,extinction,CSm,extinction,1,cuneus,57.064503
116,extinction,CSm,extinction,2,cuneus,8.8861
116,extinction,CSm,extinction,3,cuneus,-83.66984
117,baseline,CSp,baseline,1,cuneus,244.36069
117,baseline,CSp,baseline,2,cuneus,249.28128
117,baseline,CSp,baseline,3,cuneus,243.40994
117,baseline,CSp,acquisition,1,cuneus,208.21233
117,baseline,CSp,acquisition,2,cuneus,218.05962
117,baseline,CSp,acquisition,3,cuneus,311.10062
117,baseline,CSp,extinction,1,cuneus,
117,baseline,CSp,extinction,2,cuneus,175.36499
117,baseline,CSp,extinction,3,cuneus,151.19333
117,baseline,CSm,baseline,1,cuneus,289.37338
117,baseline,CSm,baseline,2,cuneus,197.92462
117,baseline,CSm,baseline,3,cuneus,204.61253
117,baseline,CSm,acquisition,1,cuneus,138.26451
117,baseline,CSm,acquisition,2,cuneus,154.35262
117,baseline,CSm,acquisition,3,cuneus,225.31041
117,baseline,CSm,extinction,1,cuneus,
117,baseline,CSm,extinction,2,cuneus,212.64525
117,baseline,CSm,extinction,3,cuneus,373.3373
117,acquisition,CSp,baseline,1,cuneus,151.49821
117,acquisition,CSp,baseline,2,cuneus,233.48285
117,acquisition,CSp,baseline,3,cuneus,233.54712
117,acquisition,CSp,acquisition,1,cuneus,173.41737
117,acquisition,CSp,acquisition,2,cuneus,181.186
117,acquisition,CSp,acquisition,3,cuneus,121.92537
117,acquisition,CSp,extinction,1,cuneus,176.00146
117,acquisition,CSp,extinction,2,cuneus,164.13976
117,acquisition,CSp,extinction,3,cuneus,287.0576
117,acquisition,CSm,baseline,1,cuneus,
117,acquisition,CSm,baseline,2,cuneus,118.093834
117,acquisition,CSm,baseline,3,cuneus,
117,acquisition,CSm,acquisition,1,cuneus,246.58977
117,acquisition,CSm,acquisition,2,cuneus,129.79048
117,acquisition,CSm,acquisition,3,cuneus,273.96783
117,acquisition,CSm,extinction,1,cuneus,105.618286
117,acquisition,CSm,extinction,2,cuneus,357.8996
117,acquisition,CSm,extinction,3,cuneus,360.25516
117,extinction,CSp,baseline,1,cuneus,
117,extinction,CSp,baseline,2,cuneus,322.1108
117,extinction,CSp,baseline,3,cuneus,353.48056
117,extinction,CSp,acquisition,1,cuneus,188.43484
117,extinction,CSp,acquisition,2,cuneus,156.26595
117,extinction,CSp,acquisition,3,cuneus,298.7846
117,extinction,CSp,extinction,1,cuneus,40.644688
117,extinction,CSp,extinction,2,cuneus,254.57007
117,extinction,CSp,extinction,3,cuneus,269.5623
117,extinction,CSm,baseline,1,cuneus,130.02693
117,extinction,CSm,baseline,2,cuneus,253.38963
117,extinction,CSm,baseline,3,cuneus,274.21872
117,extinction,CSm,acquisition,1,cuneus,269.2783
117,extinction,CSm,acquisition,2,cuneus,83.01893
117,extinction,CSm,acquisition,3,cuneus,278.68564
117,extinction,CSm,extinction,1,cuneus,102.137695
117,extinction,CSm,extinction,2,cuneus,223.84198
117,extinction,CSm,extinction,3,cuneus,380.1685
118,baseline,CSp,baseline,1,cuneus,
118,baseline,CSp,baseline,2,cuneus,
118,baseline,CSp,baseline,3,cuneus,
118,baseline,CSp,acquisition,1,cuneus,-12.3951
118,baseline,CSp,acquisition,2,cuneus,36.04825
118,baseline,CSp,acquisition,3,cuneus,212.12466
118,baseline,CSp,extinction,1,cuneus,-46.638206
118,baseline,CSp,extinction,2,cuneus,-10.535934
118,baseline,CSp,extinction,3,cuneus,307.77524
118,baseline,CSm,baseline,1,cuneus,
118,baseline,CSm,baseline,2,cuneus,
118,baseline,CSm,baseline,3,cuneus,
118,baseline,CSm,acquisition,1,cuneus,-95.41849
118,baseline,CSm,acquisition,2,cuneus,107.71912
118,baseline,CSm,acquisition,3,cuneus,314.10266
118,baseline,CSm,extinction,1,cuneus,30.590393
118,baseline,CSm,extinction,2,cuneus,100.05218
118,baseline,CSm,extinction,3,cuneus,220.5893
118,acquisition,CSp,baseline,1,cuneus,
118,acquisition,CSp,baseline,2,cuneus,
118,acquisition,CSp,baseline,3,cuneus,
118,acquisition,CSp,acquisition,1,cuneus,43.00704
118,acquisition,CSp,acquisition,2,cuneus,49.544704
118,acquisition,CSp,acquisition,3,cuneus,263.14017
118,acquisition,CSp,extinction,1,cuneus,-118.15824
118,acquisition,CSp,extinction,2,cuneus,24.223042
118,acquisition,CSp,extinction,3,cuneus,410.76294
118,acquisition,CSm,baseline,1,cuneus,
118,acquisition,CSm,baseline,2,cuneus,
118,acquisition,CSm,baseline,3,cuneus,
118,acquisition,CSm,acquisition,1,cuneus,15.178332
118,acquisition,CSm,acquisition,2,cuneus,127.27472
118,acquisition,CSm,acquisition,3,cuneus,170.99301
118,acquisition,CSm,extinction,1,cuneus,20.530352
118,acquisition,CSm,extinction,2,cuneus,37.064342
118,acquisition,CSm,extinction,3,cuneus,292.94342
118,extinction,CSp,baseline,1,cuneus,
118,extinction,CSp,baseline,2,cuneus,
118,extinction,CSp,baseline,3,cuneus,
118,extinction,CSp,acquisition,1,cuneus,73.099014
118,extinction,CSp,acquisition,2,cuneus,156.1296
118,extinction,CSp,acquisition,3,cuneus,335.27914
118,extinction,CSp,extinction,1,cuneus,-50.984226
118,extinction,CSp,extinction,2,cuneus,58.966827
118,extinction,CSp,extinction,3,cuneus,235.1725
118,extinction,CSm,baseline,1,cuneus,
118,extinction,CSm,baseline,2,cuneus,
118,extinction,CSm,baseline,3,cuneus,
118,extinction,CSm,acquisition,1,cuneus,-108.69005
118,extinction,CSm,acquisition,2,cuneus,81.25774
118,extinction,CSm,acquisition,3,cuneus,325.11646
118,extinction,CSm,extinction,1,cuneus,11.119114
118,extinction,CSm,extinction,2,cuneus,72.71647
118,extinction,CSm,extinction,3,cuneus,295.96786
