condition,group,roi,phase,subject,beta
CS+,healthy,amyg_bla,acquisition,1,-31.718044768301173
CS+,healthy,amyg_bla,acquisition,2,-17.837304022671148
CS+,healthy,amyg_bla,acquisition,3,2.7060818496594825
CS+,healthy,amyg_bla,acquisition,4,-33.50865638376779
CS+,healthy,amyg_bla,acquisition,5,-3.043723079707706
CS+,healthy,amyg_bla,acquisition,6,-30.74780898246607
CS+,healthy,amyg_bla,acquisition,7,-24.291115949040762
CS+,healthy,amyg_bla,acquisition,8,5.758896841287798
CS+,healthy,amyg_bla,acquisition,9,-14.38564658393168
CS+,healthy,amyg_bla,acquisition,10,16.275154921401924
CS+,healthy,amyg_bla,acquisition,12,-2.0737954577933704
CS+,healthy,amyg_bla,acquisition,13,-6.655422756237843
CS+,healthy,amyg_bla,acquisition,14,-20.166233441001683
CS+,healthy,amyg_bla,acquisition,15,3.0146805833147936
CS+,healthy,amyg_bla,acquisition,16,-13.707196290536473
CS+,healthy,amyg_bla,acquisition,17,-7.260859602630787
CS+,healthy,amyg_bla,acquisition,18,8.511656682093294
CS+,healthy,amyg_bla,acquisition,19,-15.434158849343346
CS+,healthy,amyg_bla,acquisition,20,-4.172577511780369
CS+,healthy,amyg_bla,acquisition,21,-6.273070118944383
CS+,healthy,amyg_bla,acquisition,23,-4.1193119808272245
CS+,healthy,amyg_bla,acquisition,24,-24.65549800458169
CS+,healthy,amyg_bla,acquisition,25,8.28253733982535
CS+,healthy,amyg_bla,acquisition,26,10.306065049751297
CS+,healthy,amyg_bla,baseline,1,-6.919687664569718
CS+,healthy,amyg_bla,baseline,2,-22.69154135484079
CS+,healthy,amyg_bla,baseline,3,29.49230047053269
CS+,healthy,amyg_bla,baseline,4,-20.463168959581708
CS+,healthy,amyg_bla,baseline,5,4.743479852318397
CS+,healthy,amyg_bla,baseline,6,-25.83775569327797
CS+,healthy,amyg_bla,baseline,7,-19.250830245716497
CS+,healthy,amyg_bla,baseline,8,3.8656223704245813
CS+,healthy,amyg_bla,baseline,9,-10.973267754641464
CS+,healthy,amyg_bla,baseline,10,11.371917365187626
CS+,healthy,amyg_bla,baseline,12,-7.072602952793536
CS+,healthy,amyg_bla,baseline,13,4.981816824177601
CS+,healthy,amyg_bla,baseline,14,-23.88071522364428
CS+,healthy,amyg_bla,baseline,15,-6.680433625836687
CS+,healthy,amyg_bla,baseline,16,-12.186264752550054
CS+,healthy,amyg_bla,baseline,17,-11.558121972131884
CS+,healthy,amyg_bla,baseline,18,-0.9584343258222026
CS+,healthy,amyg_bla,baseline,19,-15.970973937593474
CS+,healthy,amyg_bla,baseline,20,-17.24232530703363
CS+,healthy,amyg_bla,baseline,21,-4.487208613615838
CS+,healthy,amyg_bla,baseline,23,1.827336955918134
CS+,healthy,amyg_bla,baseline,24,-28.048214176957163
CS+,healthy,amyg_bla,baseline,25,1.0422339827264062
CS+,healthy,amyg_bla,baseline,26,0.7351037014235297
CS+,healthy,amyg_bla,extinction,1,-31.55396382342625
CS+,healthy,amyg_bla,extinction,2,-21.67291254078772
CS+,healthy,amyg_bla,extinction,3,11.710546763854413
CS+,healthy,amyg_bla,extinction,4,-30.33587099040205
CS+,healthy,amyg_bla,extinction,5,-7.9713733847492305
CS+,healthy,amyg_bla,extinction,6,-28.500417185769788
CS+,healthy,amyg_bla,extinction,7,-2.9286834522460894
CS+,healthy,amyg_bla,extinction,8,-3.553342218821248
CS+,healthy,amyg_bla,extinction,9,-11.37038880927949
CS+,healthy,amyg_bla,extinction,10,7.391589751824409
CS+,healthy,amyg_bla,extinction,12,-5.633028482858625
CS+,healthy,amyg_bla,extinction,13,-1.4877398899040206
CS+,healthy,amyg_bla,extinction,14,-35.751976218176324
CS+,healthy,amyg_bla,extinction,15,0.9188626906535494
CS+,healthy,amyg_bla,extinction,16,-6.046521804982232
CS+,healthy,amyg_bla,extinction,17,-6.062222865811727
CS+,healthy,amyg_bla,extinction,18,4.767405558988479
CS+,healthy,amyg_bla,extinction,19,-12.832918624465766
CS+,healthy,amyg_bla,extinction,20,-13.963350300165214
CS+,healthy,amyg_bla,extinction,21,-2.9844123161782767
CS+,healthy,amyg_bla,extinction,23,1.441689854344704
CS+,healthy,amyg_bla,extinction,24,-28.550416435849822
CS+,healthy,amyg_bla,extinction,25,22.480752782067622
CS+,healthy,amyg_bla,extinction,26,12.724438308468224
CS+,healthy,amyg_cem,acquisition,1,-45.429299832394754
CS+,healthy,amyg_cem,acquisition,2,-8.09204131594071
CS+,healthy,amyg_cem,acquisition,3,-47.46443765733662
CS+,healthy,amyg_cem,acquisition,4,-48.63567714722476
CS+,healthy,amyg_cem,acquisition,5,35.73155602460375
CS+,healthy,amyg_cem,acquisition,6,-16.416452118214995
CS+,healthy,amyg_cem,acquisition,7,-11.345143008105204
CS+,healthy,amyg_cem,acquisition,8,4.656219909057478
CS+,healthy,amyg_cem,acquisition,9,-13.749401107004713
CS+,healthy,amyg_cem,acquisition,10,19.756096570946585
CS+,healthy,amyg_cem,acquisition,12,51.08773805027525
CS+,healthy,amyg_cem,acquisition,13,17.631485984210048
CS+,healthy,amyg_cem,acquisition,14,-1.5598606523690801
CS+,healthy,amyg_cem,acquisition,15,17.433056770099533
CS+,healthy,amyg_cem,acquisition,16,11.827104559546573
CS+,healthy,amyg_cem,acquisition,17,-2.0137647875791624
CS+,healthy,amyg_cem,acquisition,18,-29.181213383290054
CS+,healthy,amyg_cem,acquisition,19,-16.65249690588783
CS+,healthy,amyg_cem,acquisition,20,-19.682335658269306
CS+,healthy,amyg_cem,acquisition,21,30.45225758792625
CS+,healthy,amyg_cem,acquisition,23,23.08698411029565
CS+,healthy,amyg_cem,acquisition,24,-21.49482107418354
CS+,healthy,amyg_cem,acquisition,25,-14.197702455409301
CS+,healthy,amyg_cem,acquisition,26,22.224560824242268
CS+,healthy,amyg_cem,baseline,1,-4.95512339003125
CS+,healthy,amyg_cem,baseline,2,-41.692790135804906
CS+,healthy,amyg_cem,baseline,3,-13.305796386276295
CS+,healthy,amyg_cem,baseline,4,-36.99651293650918
CS+,healthy,amyg_cem,baseline,5,41.4123863007974
CS+,healthy,amyg_cem,baseline,6,12.962573152501134
CS+,healthy,amyg_cem,baseline,7,-13.441556278123135
CS+,healthy,amyg_cem,baseline,8,10.36031472163373
CS+,healthy,amyg_cem,baseline,9,19.575548178667113
CS+,healthy,amyg_cem,baseline,10,19.510568179635573
CS+,healthy,amyg_cem,baseline,12,22.126785428569708
CS+,healthy,amyg_cem,baseline,13,32.15895280505297
CS+,healthy,amyg_cem,baseline,14,3.5657868004037123
CS+,healthy,amyg_cem,baseline,15,16.929904410107568
CS+,healthy,amyg_cem,baseline,16,2.30877815495478
CS+,healthy,amyg_cem,baseline,17,-21.235076954588294
CS+,healthy,amyg_cem,baseline,18,8.920881623153532
CS+,healthy,amyg_cem,baseline,19,-2.9825292404412345
CS+,healthy,amyg_cem,baseline,20,7.222380597745218
CS+,healthy,amyg_cem,baseline,21,26.556446192496352
CS+,healthy,amyg_cem,baseline,23,39.591608509512895
CS+,healthy,amyg_cem,baseline,24,-28.91753926466812
CS+,healthy,amyg_cem,baseline,25,35.27700349363102
CS+,healthy,amyg_cem,baseline,26,-20.557488632553333
CS+,healthy,amyg_cem,extinction,1,-30.752842940006623
CS+,healthy,amyg_cem,extinction,2,-24.26661343187985
CS+,healthy,amyg_cem,extinction,3,-26.336466562584967
CS+,healthy,amyg_cem,extinction,4,-45.252607130486034
CS+,healthy,amyg_cem,extinction,5,-9.151293000799509
CS+,healthy,amyg_cem,extinction,6,18.670202763737414
CS+,healthy,amyg_cem,extinction,7,14.742621852820008
CS+,healthy,amyg_cem,extinction,8,2.96144689249463
CS+,healthy,amyg_cem,extinction,9,20.836771101517872
CS+,healthy,amyg_cem,extinction,10,12.367609616829819
CS+,healthy,amyg_cem,extinction,12,35.67013730768624
CS+,healthy,amyg_cem,extinction,13,28.409891657545657
CS+,healthy,amyg_cem,extinction,14,-7.2050455817670525
CS+,healthy,amyg_cem,extinction,15,18.59237171130048
CS+,healthy,amyg_cem,extinction,16,15.086068067084696
CS+,healthy,amyg_cem,extinction,17,-5.711604907032517
CS+,healthy,amyg_cem,extinction,18,9.848983138649153
CS+,healthy,amyg_cem,extinction,19,-24.48199721702429
CS+,healthy,amyg_cem,extinction,20,2.566970387925924
CS+,healthy,amyg_cem,extinction,21,26.910637330719165
CS+,healthy,amyg_cem,extinction,23,28.371020559587674
CS+,healthy,amyg_cem,extinction,24,-15.048939570417685
CS+,healthy,amyg_cem,extinction,25,23.302704480277015
CS+,healthy,amyg_cem,extinction,26,24.57579742654343
CS+,healthy,hc_body,acquisition,1,-53.71478367672378
CS+,healthy,hc_body,acquisition,2,-15.408347042315835
CS+,healthy,hc_body,acquisition,3,-3.554785289073352
CS+,healthy,hc_body,acquisition,4,-34.07296106646206
CS+,healthy,hc_body,acquisition,5,4.416791403641131
CS+,healthy,hc_body,acquisition,6,-27.913043461106486
CS+,healthy,hc_body,acquisition,7,-38.837463548634375
CS+,healthy,hc_body,acquisition,8,34.82022476575168
CS+,healthy,hc_body,acquisition,9,-21.168338763917077
CS+,healthy,hc_body,acquisition,10,-12.862083364345105
CS+,healthy,hc_body,acquisition,12,-2.366564909028856
CS+,healthy,hc_body,acquisition,13,-8.018064210233895
CS+,healthy,hc_body,acquisition,14,0.058377285325424924
CS+,healthy,hc_body,acquisition,15,-11.969410925823073
CS+,healthy,hc_body,acquisition,16,-21.517623564294013
CS+,healthy,hc_body,acquisition,17,10.060400976862212
CS+,healthy,hc_body,acquisition,18,-4.702914611242232
CS+,healthy,hc_body,acquisition,19,-22.22579532331936
CS+,healthy,hc_body,acquisition,20,-4.781210145940888
CS+,healthy,hc_body,acquisition,21,-1.7212182502314617
CS+,healthy,hc_body,acquisition,23,14.501198949508964
CS+,healthy,hc_body,acquisition,24,-34.797010380621344
CS+,healthy,hc_body,acquisition,25,-7.409798105831244
CS+,healthy,hc_body,acquisition,26,-9.614823957319011
CS+,healthy,hc_body,baseline,1,-43.180619193433216
CS+,healthy,hc_body,baseline,2,-24.535710887746355
CS+,healthy,hc_body,baseline,3,34.11317527896112
CS+,healthy,hc_body,baseline,4,-29.15672524819313
CS+,healthy,hc_body,baseline,5,6.697224497063845
CS+,healthy,hc_body,baseline,6,-10.190529213383297
CS+,healthy,hc_body,baseline,7,-32.415198227798555
CS+,healthy,hc_body,baseline,8,42.476996998824745
CS+,healthy,hc_body,baseline,9,-11.0737949443593
CS+,healthy,hc_body,baseline,10,-13.180284328709144
CS+,healthy,hc_body,baseline,12,-8.850288544846329
CS+,healthy,hc_body,baseline,13,-2.700355296761481
CS+,healthy,hc_body,baseline,14,2.7364580026572094
CS+,healthy,hc_body,baseline,15,-11.2446822312092
CS+,healthy,hc_body,baseline,16,-28.26167397151631
CS+,healthy,hc_body,baseline,17,9.873433729058153
CS+,healthy,hc_body,baseline,18,-0.7108473884809922
CS+,healthy,hc_body,baseline,19,-18.7061282590612
CS+,healthy,hc_body,baseline,20,2.475915487945735
CS+,healthy,hc_body,baseline,21,2.963045180553268
CS+,healthy,hc_body,baseline,23,19.867519193674227
CS+,healthy,hc_body,baseline,24,-43.424233625905934
CS+,healthy,hc_body,baseline,25,-13.454004631544066
CS+,healthy,hc_body,baseline,26,-15.21169112320058
CS+,healthy,hc_body,extinction,1,-55.52822374144196
CS+,healthy,hc_body,extinction,2,-22.031291765233988
CS+,healthy,hc_body,extinction,3,15.35495349164859
CS+,healthy,hc_body,extinction,4,-44.2311043639012
CS+,healthy,hc_body,extinction,5,4.186021335676744
CS+,healthy,hc_body,extinction,6,-10.75310790071307
CS+,healthy,hc_body,extinction,7,-23.71580138119559
CS+,healthy,hc_body,extinction,8,33.977280468384514
CS+,healthy,hc_body,extinction,9,-12.367162530363808
CS+,healthy,hc_body,extinction,10,-6.509586851299515
CS+,healthy,hc_body,extinction,12,-7.856899341309062
CS+,healthy,hc_body,extinction,13,3.0984045856134736
CS+,healthy,hc_body,extinction,14,7.7400979231020415
CS+,healthy,hc_body,extinction,15,-19.52912734302853
CS+,healthy,hc_body,extinction,16,-19.45151155545544
CS+,healthy,hc_body,extinction,17,19.308278304144515
CS+,healthy,hc_body,extinction,18,1.5155043016556045
CS+,healthy,hc_body,extinction,19,-18.10883367694645
CS+,healthy,hc_body,extinction,20,7.5583015241142535
CS+,healthy,hc_body,extinction,21,2.844126077021788
CS+,healthy,hc_body,extinction,23,15.40391494179817
CS+,healthy,hc_body,extinction,24,-40.928512464008996
CS+,healthy,hc_body,extinction,25,-11.060208427255077
CS+,healthy,hc_body,extinction,26,-3.52270941056473
CS+,healthy,hc_head,acquisition,1,-58.4856349148253
CS+,healthy,hc_head,acquisition,2,-19.745150843526133
CS+,healthy,hc_head,acquisition,3,-9.675937852191076
CS+,healthy,hc_head,acquisition,4,-60.48968964336989
CS+,healthy,hc_head,acquisition,5,3.55548674188784
CS+,healthy,hc_head,acquisition,6,-39.368087407368776
CS+,healthy,hc_head,acquisition,7,-18.22701430604916
CS+,healthy,hc_head,acquisition,8,29.92151230319601
CS+,healthy,hc_head,acquisition,9,17.018690957113012
CS+,healthy,hc_head,acquisition,10,8.273946407495428
CS+,healthy,hc_head,acquisition,12,10.881172646519373
CS+,healthy,hc_head,acquisition,13,-16.248199325440556
CS+,healthy,hc_head,acquisition,14,-18.797149207189413
CS+,healthy,hc_head,acquisition,15,-13.211049049979305
CS+,healthy,hc_head,acquisition,16,-5.118438882769149
CS+,healthy,hc_head,acquisition,17,4.627596556112313
CS+,healthy,hc_head,acquisition,18,-13.799373265383851
CS+,healthy,hc_head,acquisition,19,-29.512236110471004
CS+,healthy,hc_head,acquisition,20,-0.7505772801655386
CS+,healthy,hc_head,acquisition,21,10.626808962476284
CS+,healthy,hc_head,acquisition,23,-4.330601551276862
CS+,healthy,hc_head,acquisition,24,-39.7465721460076
CS+,healthy,hc_head,acquisition,25,-15.236258488310366
CS+,healthy,hc_head,acquisition,26,-1.7576545568116173
CS+,healthy,hc_head,baseline,1,-21.017305883886653
CS+,healthy,hc_head,baseline,2,-44.73080084059678
CS+,healthy,hc_head,baseline,3,23.28158950836941
CS+,healthy,hc_head,baseline,4,-49.396075115133364
CS+,healthy,hc_head,baseline,5,8.01199761061738
CS+,healthy,hc_head,baseline,6,-27.940836556902735
CS+,healthy,hc_head,baseline,7,-13.803840159434259
CS+,healthy,hc_head,baseline,8,23.202374118739556
CS+,healthy,hc_head,baseline,9,16.978864471828846
CS+,healthy,hc_head,baseline,10,8.901359259286519
CS+,healthy,hc_head,baseline,12,2.268920829696289
CS+,healthy,hc_head,baseline,13,-2.9538178686961776
CS+,healthy,hc_head,baseline,14,-28.213455395021963
CS+,healthy,hc_head,baseline,15,-13.417821785374663
CS+,healthy,hc_head,baseline,16,-9.743518219730019
CS+,healthy,hc_head,baseline,17,3.9383628657817016
CS+,healthy,hc_head,baseline,18,-22.721941727684218
CS+,healthy,hc_head,baseline,19,-19.821602605619788
CS+,healthy,hc_head,baseline,20,11.205321219437003
CS+,healthy,hc_head,baseline,21,14.605384488219144
CS+,healthy,hc_head,baseline,23,5.097293768903273
CS+,healthy,hc_head,baseline,24,-47.03040439110046
CS+,healthy,hc_head,baseline,25,-20.217317499163283
CS+,healthy,hc_head,baseline,26,-24.321953008041426
CS+,healthy,hc_head,extinction,1,-41.94482646397126
CS+,healthy,hc_head,extinction,2,-20.775807981187086
CS+,healthy,hc_head,extinction,3,-1.6775024112544947
CS+,healthy,hc_head,extinction,4,-57.467770612015215
CS+,healthy,hc_head,extinction,5,-3.4712164963429584
CS+,healthy,hc_head,extinction,6,-20.855172242796854
CS+,healthy,hc_head,extinction,7,-0.3332570834608193
CS+,healthy,hc_head,extinction,8,23.97393369611711
CS+,healthy,hc_head,extinction,9,16.410892465468873
CS+,healthy,hc_head,extinction,10,1.9110318248139209
CS+,healthy,hc_head,extinction,12,5.8447164800576035
CS+,healthy,hc_head,extinction,13,-19.854569942030746
CS+,healthy,hc_head,extinction,14,-19.94092162961348
CS+,healthy,hc_head,extinction,15,-13.31716295228918
CS+,healthy,hc_head,extinction,16,-2.900477903867272
CS+,healthy,hc_head,extinction,17,12.034663468952743
CS+,healthy,hc_head,extinction,18,-9.517060852536668
CS+,healthy,hc_head,extinction,19,-24.60177097984931
CS+,healthy,hc_head,extinction,20,4.3463722805212885
CS+,healthy,hc_head,extinction,21,10.914016135482447
CS+,healthy,hc_head,extinction,23,3.212026013870648
CS+,healthy,hc_head,extinction,24,-43.36620018035156
CS+,healthy,hc_head,extinction,25,3.6024710995301414
CS+,healthy,hc_head,extinction,26,-0.12042560781078655
CS+,healthy,hc_tail,acquisition,1,-0.040744601748883724
CS+,healthy,hc_tail,acquisition,2,-3.310491903206437
CS+,healthy,hc_tail,acquisition,3,-14.690819718999924
CS+,healthy,hc_tail,acquisition,4,-17.950408731671892
CS+,healthy,hc_tail,acquisition,5,-12.181792450478921
CS+,healthy,hc_tail,acquisition,6,-10.145064337611801
CS+,healthy,hc_tail,acquisition,7,-35.681383752184246
CS+,healthy,hc_tail,acquisition,8,42.7102177338851
CS+,healthy,hc_tail,acquisition,9,-8.46990731645089
CS+,healthy,hc_tail,acquisition,10,-2.8146604326864084
CS+,healthy,hc_tail,acquisition,12,27.14675484335533
CS+,healthy,hc_tail,acquisition,13,10.023786687404446
CS+,healthy,hc_tail,acquisition,14,1.5238648732992437
CS+,healthy,hc_tail,acquisition,15,30.5530072316813
CS+,healthy,hc_tail,acquisition,16,-10.412477825983213
CS+,healthy,hc_tail,acquisition,17,34.509667873275106
CS+,healthy,hc_tail,acquisition,18,-8.907758329655714
CS+,healthy,hc_tail,acquisition,19,-0.4839570105886432
CS+,healthy,hc_tail,acquisition,20,20.55605539024691
CS+,healthy,hc_tail,acquisition,21,27.08158822158256
CS+,healthy,hc_tail,acquisition,23,41.530229979994324
CS+,healthy,hc_tail,acquisition,24,-12.114599521468193
CS+,healthy,hc_tail,acquisition,25,19.532800316026336
CS+,healthy,hc_tail,acquisition,26,-15.261642266702545
CS+,healthy,hc_tail,baseline,1,-6.033743892339142
CS+,healthy,hc_tail,baseline,2,-5.167637641114804
CS+,healthy,hc_tail,baseline,3,4.134088987461859
CS+,healthy,hc_tail,baseline,4,-13.748942822421224
CS+,healthy,hc_tail,baseline,5,-13.081802509430174
CS+,healthy,hc_tail,baseline,6,0.6643112870403612
CS+,healthy,hc_tail,baseline,7,-28.48687397466885
CS+,healthy,hc_tail,baseline,8,49.531327076196305
CS+,healthy,hc_tail,baseline,9,-4.724890555318796
CS+,healthy,hc_tail,baseline,10,1.1384090361563302
CS+,healthy,hc_tail,baseline,12,17.870163468333587
CS+,healthy,hc_tail,baseline,13,26.48345809354413
CS+,healthy,hc_tail,baseline,14,0.1332680084939571
CS+,healthy,hc_tail,baseline,15,25.33035475158443
CS+,healthy,hc_tail,baseline,16,-7.377698765223613
CS+,healthy,hc_tail,baseline,17,25.45183254651025
CS+,healthy,hc_tail,baseline,18,1.9882230856275367
CS+,healthy,hc_tail,baseline,19,-0.3963961788815343
CS+,healthy,hc_tail,baseline,20,21.144331257685554
CS+,healthy,hc_tail,baseline,21,33.868971283953535
CS+,healthy,hc_tail,baseline,23,33.85443559318141
CS+,healthy,hc_tail,baseline,24,-21.285983074036444
CS+,healthy,hc_tail,baseline,25,10.116566812619569
CS+,healthy,hc_tail,baseline,26,-32.48241542308247
CS+,healthy,hc_tail,extinction,1,-5.7968953112317685
CS+,healthy,hc_tail,extinction,2,5.0255800616157815
CS+,healthy,hc_tail,extinction,3,-8.876381223741161
CS+,healthy,hc_tail,extinction,4,-11.002547888046443
CS+,healthy,hc_tail,extinction,5,-13.116387588692751
CS+,healthy,hc_tail,extinction,6,-0.24605464937266
CS+,healthy,hc_tail,extinction,7,-14.559954758307764
CS+,healthy,hc_tail,extinction,8,43.00439966713417
CS+,healthy,hc_tail,extinction,9,-12.56156686061404
CS+,healthy,hc_tail,extinction,10,8.081341606275076
CS+,healthy,hc_tail,extinction,12,15.691660704349893
CS+,healthy,hc_tail,extinction,13,18.624713894646906
CS+,healthy,hc_tail,extinction,14,10.635913033226524
CS+,healthy,hc_tail,extinction,15,14.63182910173394
CS+,healthy,hc_tail,extinction,16,-11.600355400065315
CS+,healthy,hc_tail,extinction,17,33.82255605654393
CS+,healthy,hc_tail,extinction,18,5.262494188177493
CS+,healthy,hc_tail,extinction,19,3.8788764856893714
CS+,healthy,hc_tail,extinction,20,10.201746515908255
CS+,healthy,hc_tail,extinction,21,32.10645534914847
CS+,healthy,hc_tail,extinction,23,44.26274619846031
CS+,healthy,hc_tail,extinction,24,-14.960891979582168
CS+,healthy,hc_tail,extinction,25,22.96553293145443
CS+,healthy,hc_tail,extinction,26,-9.715476118548363
CS+,ptsd,amyg_bla,acquisition,101,1.092885151712431
CS+,ptsd,amyg_bla,acquisition,102,-9.201577314962599
CS+,ptsd,amyg_bla,acquisition,103,-18.71720220135747
CS+,ptsd,amyg_bla,acquisition,104,-2.1401191645351387
CS+,ptsd,amyg_bla,acquisition,105,1.95934024218072
CS+,ptsd,amyg_bla,acquisition,106,-8.716118181944491
CS+,ptsd,amyg_bla,acquisition,107,-5.1014137308438565
CS+,ptsd,amyg_bla,acquisition,108,5.307712228577704
CS+,ptsd,amyg_bla,acquisition,109,-2.333701165117968
CS+,ptsd,amyg_bla,acquisition,110,-4.089710396130029
CS+,ptsd,amyg_bla,acquisition,111,-5.28953535416623
CS+,ptsd,amyg_bla,acquisition,112,4.430396239304296
CS+,ptsd,amyg_bla,acquisition,113,-19.107639952198685
CS+,ptsd,amyg_bla,acquisition,114,-0.3360781430019415
CS+,ptsd,amyg_bla,acquisition,115,-19.150936028736826
CS+,ptsd,amyg_bla,acquisition,116,6.198105011906831
CS+,ptsd,amyg_bla,acquisition,117,0.2415661852759849
CS+,ptsd,amyg_bla,acquisition,118,-0.08159005824626776
CS+,ptsd,amyg_bla,acquisition,120,-5.5426916146467375
CS+,ptsd,amyg_bla,acquisition,121,-28.00020850937302
CS+,ptsd,amyg_bla,acquisition,122,11.21569296508976
CS+,ptsd,amyg_bla,acquisition,123,-4.4800346428321465
CS+,ptsd,amyg_bla,acquisition,124,-1.5139972701351898
CS+,ptsd,amyg_bla,acquisition,125,12.623800750691723
CS+,ptsd,amyg_bla,baseline,101,2.0683822631087065
CS+,ptsd,amyg_bla,baseline,102,-3.3259801720657074
CS+,ptsd,amyg_bla,baseline,103,-11.802010858754716
CS+,ptsd,amyg_bla,baseline,104,-6.224544427596379
CS+,ptsd,amyg_bla,baseline,105,0.28748185127599823
CS+,ptsd,amyg_bla,baseline,106,-22.17517954810885
CS+,ptsd,amyg_bla,baseline,107,-0.8825588530550401
CS+,ptsd,amyg_bla,baseline,108,-5.051026749376876
CS+,ptsd,amyg_bla,baseline,109,-1.625174143500807
CS+,ptsd,amyg_bla,baseline,110,19.430228311188785
CS+,ptsd,amyg_bla,baseline,111,-23.072063666397057
CS+,ptsd,amyg_bla,baseline,112,0.8371689470992847
CS+,ptsd,amyg_bla,baseline,113,-10.469847873259674
CS+,ptsd,amyg_bla,baseline,114,10.626150746428822
CS+,ptsd,amyg_bla,baseline,115,-10.367422404615636
CS+,ptsd,amyg_bla,baseline,116,10.47410136046927
CS+,ptsd,amyg_bla,baseline,117,-13.320176414615819
CS+,ptsd,amyg_bla,baseline,118,1.967662999570068
CS+,ptsd,amyg_bla,baseline,120,7.1249600996049685
CS+,ptsd,amyg_bla,baseline,121,-15.895423815723722
CS+,ptsd,amyg_bla,baseline,122,6.277177260059188
CS+,ptsd,amyg_bla,baseline,123,-6.064669091413142
CS+,ptsd,amyg_bla,baseline,124,-3.5187827528032707
CS+,ptsd,amyg_bla,baseline,125,14.11887365111444
CS+,ptsd,amyg_bla,extinction,101,4.850398167756072
CS+,ptsd,amyg_bla,extinction,102,-1.0625056255786791
CS+,ptsd,amyg_bla,extinction,103,-28.989762743285628
CS+,ptsd,amyg_bla,extinction,104,-13.040864000600974
CS+,ptsd,amyg_bla,extinction,105,-8.260039661508943
CS+,ptsd,amyg_bla,extinction,106,0.7138609674487574
CS+,ptsd,amyg_bla,extinction,107,-5.031826977527231
CS+,ptsd,amyg_bla,extinction,108,1.7701850901298128
CS+,ptsd,amyg_bla,extinction,109,6.970144686422689
CS+,ptsd,amyg_bla,extinction,110,26.70605024857877
CS+,ptsd,amyg_bla,extinction,111,-3.02889268323353
CS+,ptsd,amyg_bla,extinction,112,-3.6368227238541073
CS+,ptsd,amyg_bla,extinction,113,-19.158279076585245
CS+,ptsd,amyg_bla,extinction,114,-0.7117477334589543
CS+,ptsd,amyg_bla,extinction,115,-4.1228554298744555
CS+,ptsd,amyg_bla,extinction,116,-2.746484360054424
CS+,ptsd,amyg_bla,extinction,117,-15.380940924099901
CS+,ptsd,amyg_bla,extinction,118,-2.1884677988545267
CS+,ptsd,amyg_bla,extinction,120,12.654416708395752
CS+,ptsd,amyg_bla,extinction,121,-11.8469555568137
CS+,ptsd,amyg_bla,extinction,122,9.848668361762334
CS+,ptsd,amyg_bla,extinction,123,-9.447625485012207
CS+,ptsd,amyg_bla,extinction,124,5.06471369493932
CS+,ptsd,amyg_bla,extinction,125,9.784507653471973
CS+,ptsd,amyg_cem,acquisition,101,-15.582098246974056
CS+,ptsd,amyg_cem,acquisition,102,-15.277051135207767
CS+,ptsd,amyg_cem,acquisition,103,-45.8866246616734
CS+,ptsd,amyg_cem,acquisition,104,-19.00024705537639
CS+,ptsd,amyg_cem,acquisition,105,-8.14655664894316
CS+,ptsd,amyg_cem,acquisition,106,46.077160468445186
CS+,ptsd,amyg_cem,acquisition,107,4.160635835782747
CS+,ptsd,amyg_cem,acquisition,108,-2.223959657053153
CS+,ptsd,amyg_cem,acquisition,109,5.3538109302855705
CS+,ptsd,amyg_cem,acquisition,110,-10.190621614691768
CS+,ptsd,amyg_cem,acquisition,111,-30.26455313090107
CS+,ptsd,amyg_cem,acquisition,112,0.494304059247952
CS+,ptsd,amyg_cem,acquisition,113,-7.777242042124271
CS+,ptsd,amyg_cem,acquisition,114,11.263667255169663
CS+,ptsd,amyg_cem,acquisition,115,-19.59621394684627
CS+,ptsd,amyg_cem,acquisition,116,-10.440710963020402
CS+,ptsd,amyg_cem,acquisition,117,4.520598949985233
CS+,ptsd,amyg_cem,acquisition,118,17.704110974041015
CS+,ptsd,amyg_cem,acquisition,120,-11.833472452229927
CS+,ptsd,amyg_cem,acquisition,121,-33.14087586707293
CS+,ptsd,amyg_cem,acquisition,122,29.082384299869922
CS+,ptsd,amyg_cem,acquisition,123,17.976674968920022
CS+,ptsd,amyg_cem,acquisition,124,10.317064849465773
CS+,ptsd,amyg_cem,acquisition,125,5.883598082701264
CS+,ptsd,amyg_cem,baseline,101,4.442500992619898
CS+,ptsd,amyg_cem,baseline,102,-16.352309601450408
CS+,ptsd,amyg_cem,baseline,103,-25.902421864215285
CS+,ptsd,amyg_cem,baseline,104,-24.03777992681409
CS+,ptsd,amyg_cem,baseline,105,-27.658748407310075
CS+,ptsd,amyg_cem,baseline,106,40.14010318777254
CS+,ptsd,amyg_cem,baseline,107,11.85612894690624
CS+,ptsd,amyg_cem,baseline,108,-9.331826251087476
CS+,ptsd,amyg_cem,baseline,109,-3.0643456473685147
CS+,ptsd,amyg_cem,baseline,110,6.782251063272481
CS+,ptsd,amyg_cem,baseline,111,-41.12060506733171
CS+,ptsd,amyg_cem,baseline,112,-5.343358408999241
CS+,ptsd,amyg_cem,baseline,113,-26.1019111531878
CS+,ptsd,amyg_cem,baseline,114,-5.5303471262256325
CS+,ptsd,amyg_cem,baseline,115,-8.790757274672034
CS+,ptsd,amyg_cem,baseline,116,20.91159889827012
CS+,ptsd,amyg_cem,baseline,117,-2.688513738788768
CS+,ptsd,amyg_cem,baseline,118,19.27009308203641
CS+,ptsd,amyg_cem,baseline,120,11.470860554753076
CS+,ptsd,amyg_cem,baseline,121,-11.303968974095476
CS+,ptsd,amyg_cem,baseline,122,15.6161381778137
CS+,ptsd,amyg_cem,baseline,123,11.243779665695152
CS+,ptsd,amyg_cem,baseline,124,4.415604210904955
CS+,ptsd,amyg_cem,baseline,125,4.356065618158143
CS+,ptsd,amyg_cem,extinction,101,-22.1144467011715
CS+,ptsd,amyg_cem,extinction,102,-5.304328452957713
CS+,ptsd,amyg_cem,extinction,103,-9.201988258842556
CS+,ptsd,amyg_cem,extinction,104,-16.714390282582787
CS+,ptsd,amyg_cem,extinction,105,-28.216818796702924
CS+,ptsd,amyg_cem,extinction,106,26.897410249597925
CS+,ptsd,amyg_cem,extinction,107,-2.000305337219904
CS+,ptsd,amyg_cem,extinction,108,-16.46144841615266
CS+,ptsd,amyg_cem,extinction,109,9.307646122123849
CS+,ptsd,amyg_cem,extinction,110,19.123804041401673
CS+,ptsd,amyg_cem,extinction,111,-38.26118084525361
CS+,ptsd,amyg_cem,extinction,112,-4.182416989438933
CS+,ptsd,amyg_cem,extinction,113,-26.46282905355439
CS+,ptsd,amyg_cem,extinction,114,4.9434759789052425
CS+,ptsd,amyg_cem,extinction,115,-7.923952218908701
CS+,ptsd,amyg_cem,extinction,116,-5.2041775163523445
CS+,ptsd,amyg_cem,extinction,117,8.206501690446641
CS+,ptsd,amyg_cem,extinction,118,5.162647332478728
CS+,ptsd,amyg_cem,extinction,120,25.04946572805932
CS+,ptsd,amyg_cem,extinction,121,-15.851339523655335
CS+,ptsd,amyg_cem,extinction,122,40.21602689145353
CS+,ptsd,amyg_cem,extinction,123,7.27464770380934
CS+,ptsd,amyg_cem,extinction,124,25.988448340494266
CS+,ptsd,amyg_cem,extinction,125,-1.2288149537090312
CS+,ptsd,hc_body,acquisition,101,5.67480541303133
CS+,ptsd,hc_body,acquisition,102,-2.319552953979384
CS+,ptsd,hc_body,acquisition,103,-4.814381676661496
CS+,ptsd,hc_body,acquisition,104,8.799893907672029
CS+,ptsd,hc_body,acquisition,105,13.537041292292994
CS+,ptsd,hc_body,acquisition,106,34.9904613175609
CS+,ptsd,hc_body,acquisition,107,-23.15253773233441
CS+,ptsd,hc_body,acquisition,108,-12.998503050273507
CS+,ptsd,hc_body,acquisition,109,-16.461026629708368
CS+,ptsd,hc_body,acquisition,110,4.725919150750183
CS+,ptsd,hc_body,acquisition,111,0.04610282957112514
CS+,ptsd,hc_body,acquisition,112,-1.4856613931260154
CS+,ptsd,hc_body,acquisition,113,-3.1985765081296402
CS+,ptsd,hc_body,acquisition,114,6.58059168714413
CS+,ptsd,hc_body,acquisition,115,-24.02382020564705
CS+,ptsd,hc_body,acquisition,116,-7.80694988602955
CS+,ptsd,hc_body,acquisition,117,11.34281282031831
CS+,ptsd,hc_body,acquisition,118,5.513577508347943
CS+,ptsd,hc_body,acquisition,120,14.74971633663916
CS+,ptsd,hc_body,acquisition,121,-15.862790347562516
CS+,ptsd,hc_body,acquisition,122,3.5587080371791893
CS+,ptsd,hc_body,acquisition,123,3.3298263959623142
CS+,ptsd,hc_body,acquisition,124,-1.8360742084011847
CS+,ptsd,hc_body,acquisition,125,18.18591686146381
CS+,ptsd,hc_body,baseline,101,12.165304741813646
CS+,ptsd,hc_body,baseline,102,6.196543259014225
CS+,ptsd,hc_body,baseline,103,-0.8783561578297084
CS+,ptsd,hc_body,baseline,104,14.960896458786635
CS+,ptsd,hc_body,baseline,105,16.589457471002127
CS+,ptsd,hc_body,baseline,106,34.13067500117397
CS+,ptsd,hc_body,baseline,107,-24.96407643995615
CS+,ptsd,hc_body,baseline,108,-10.494665501502505
CS+,ptsd,hc_body,baseline,109,-8.824625981396705
CS+,ptsd,hc_body,baseline,110,2.2989637532978304
CS+,ptsd,hc_body,baseline,111,-13.396109844479394
CS+,ptsd,hc_body,baseline,112,-6.377884413100477
CS+,ptsd,hc_body,baseline,113,-1.500857129794018
CS+,ptsd,hc_body,baseline,114,4.713449577576127
CS+,ptsd,hc_body,baseline,115,-25.52826623099723
CS+,ptsd,hc_body,baseline,116,3.267695095099728
CS+,ptsd,hc_body,baseline,117,-9.727653022096742
CS+,ptsd,hc_body,baseline,118,0.6292151080772337
CS+,ptsd,hc_body,baseline,120,15.339479291364732
CS+,ptsd,hc_body,baseline,121,-15.627067894380815
CS+,ptsd,hc_body,baseline,122,-4.38976413219385
CS+,ptsd,hc_body,baseline,123,-1.5111604186331888
CS+,ptsd,hc_body,baseline,124,-6.993315359080532
CS+,ptsd,hc_body,baseline,125,18.82823633930633
CS+,ptsd,hc_body,extinction,101,11.531957747397636
CS+,ptsd,hc_body,extinction,102,-3.1999755948963955
CS+,ptsd,hc_body,extinction,103,-6.382170080228804
CS+,ptsd,hc_body,extinction,104,11.846151244131205
CS+,ptsd,hc_body,extinction,105,11.718493455037567
CS+,ptsd,hc_body,extinction,106,39.160455796613604
CS+,ptsd,hc_body,extinction,107,-24.478605318662467
CS+,ptsd,hc_body,extinction,108,-23.860377773668407
CS+,ptsd,hc_body,extinction,109,-7.853619490637299
CS+,ptsd,hc_body,extinction,110,10.253409963266533
CS+,ptsd,hc_body,extinction,111,-5.6118170345822955
CS+,ptsd,hc_body,extinction,112,1.218308256084541
CS+,ptsd,hc_body,extinction,113,-4.307834381410328
CS+,ptsd,hc_body,extinction,114,10.374878367827492
CS+,ptsd,hc_body,extinction,115,-16.120848807431788
CS+,ptsd,hc_body,extinction,116,-21.241291336374193
CS+,ptsd,hc_body,extinction,117,-12.006692987445389
CS+,ptsd,hc_body,extinction,118,5.395691983300943
CS+,ptsd,hc_body,extinction,120,12.32006960497683
CS+,ptsd,hc_body,extinction,121,-9.592174827027668
CS+,ptsd,hc_body,extinction,122,2.104979579545581
CS+,ptsd,hc_body,extinction,123,0.0198613908885004
CS+,ptsd,hc_body,extinction,124,12.605120530835569
CS+,ptsd,hc_body,extinction,125,19.931614383959328
CS+,ptsd,hc_head,acquisition,101,-3.4432553786365148
CS+,ptsd,hc_head,acquisition,102,-6.245084075668287
CS+,ptsd,hc_head,acquisition,103,-12.798734028528106
CS+,ptsd,hc_head,acquisition,104,3.3876627154197427
CS+,ptsd,hc_head,acquisition,105,-9.919676918436338
CS+,ptsd,hc_head,acquisition,106,36.64511964155376
CS+,ptsd,hc_head,acquisition,107,-13.570774448134346
CS+,ptsd,hc_head,acquisition,108,-11.718093478853259
CS+,ptsd,hc_head,acquisition,109,-11.18507089172532
CS+,ptsd,hc_head,acquisition,110,9.928850158875631
CS+,ptsd,hc_head,acquisition,111,-18.6654657688622
CS+,ptsd,hc_head,acquisition,112,7.6579874533592545
CS+,ptsd,hc_head,acquisition,113,-12.259876638794678
CS+,ptsd,hc_head,acquisition,114,-5.947298478617557
CS+,ptsd,hc_head,acquisition,115,-26.078717011294323
CS+,ptsd,hc_head,acquisition,116,-4.1197043909273185
CS+,ptsd,hc_head,acquisition,117,9.050631046282302
CS+,ptsd,hc_head,acquisition,118,-0.2345940306643892
CS+,ptsd,hc_head,acquisition,120,-1.7431026507777996
CS+,ptsd,hc_head,acquisition,121,-29.19239023706166
CS+,ptsd,hc_head,acquisition,122,21.276845195372783
CS+,ptsd,hc_head,acquisition,123,4.1358959584888195
CS+,ptsd,hc_head,acquisition,124,-4.980246233156097
CS+,ptsd,hc_head,acquisition,125,7.161994763536329
CS+,ptsd,hc_head,baseline,101,3.208287124454543
CS+,ptsd,hc_head,baseline,102,-2.92476124455604
CS+,ptsd,hc_head,baseline,103,-9.568956644603324
CS+,ptsd,hc_head,baseline,104,0.9004055641290749
CS+,ptsd,hc_head,baseline,105,-17.714096398555924
CS+,ptsd,hc_head,baseline,106,37.80661638772707
CS+,ptsd,hc_head,baseline,107,-12.448350345158088
CS+,ptsd,hc_head,baseline,108,-17.335827569094903
CS+,ptsd,hc_head,baseline,109,-8.14264148036773
CS+,ptsd,hc_head,baseline,110,12.003053628800705
CS+,ptsd,hc_head,baseline,111,-32.995462574373285
CS+,ptsd,hc_head,baseline,112,-1.7008614359642968
CS+,ptsd,hc_head,baseline,113,-12.553232806023786
CS+,ptsd,hc_head,baseline,114,4.56739646150101
CS+,ptsd,hc_head,baseline,115,-26.30971512962515
CS+,ptsd,hc_head,baseline,116,13.047785459855527
CS+,ptsd,hc_head,baseline,117,-12.958524570585757
CS+,ptsd,hc_head,baseline,118,-3.4211533889885892
CS+,ptsd,hc_head,baseline,120,7.736977260911367
CS+,ptsd,hc_head,baseline,121,-31.270755777989656
CS+,ptsd,hc_head,baseline,122,-1.1166585626819705
CS+,ptsd,hc_head,baseline,123,2.1544326992765828
CS+,ptsd,hc_head,baseline,124,-11.141531167035437
CS+,ptsd,hc_head,baseline,125,11.763780561452506
CS+,ptsd,hc_head,extinction,101,-7.771610965703418
CS+,ptsd,hc_head,extinction,102,-10.614226000766633
CS+,ptsd,hc_head,extinction,103,-10.528183792569738
CS+,ptsd,hc_head,extinction,104,7.324366343694723
CS+,ptsd,hc_head,extinction,105,-5.519918698964857
CS+,ptsd,hc_head,extinction,106,28.789991341910305
CS+,ptsd,hc_head,extinction,107,-13.011726703463244
CS+,ptsd,hc_head,extinction,108,-21.789940357529662
CS+,ptsd,hc_head,extinction,109,-3.602181095978967
CS+,ptsd,hc_head,extinction,110,30.20952469733856
CS+,ptsd,hc_head,extinction,111,-14.908511644396276
CS+,ptsd,hc_head,extinction,112,3.610521356080203
CS+,ptsd,hc_head,extinction,113,-20.896973255154137
CS+,ptsd,hc_head,extinction,114,1.5646391027696491
CS+,ptsd,hc_head,extinction,115,-18.02735111513148
CS+,ptsd,hc_head,extinction,116,-17.493866652620813
CS+,ptsd,hc_head,extinction,117,-13.94474750842803
CS+,ptsd,hc_head,extinction,118,3.1586538736802945
CS+,ptsd,hc_head,extinction,120,6.858806601197412
CS+,ptsd,hc_head,extinction,121,-31.15814265639468
CS+,ptsd,hc_head,extinction,122,13.779847456188975
CS+,ptsd,hc_head,extinction,123,2.9683915027633203
CS+,ptsd,hc_head,extinction,124,-0.2880621960342049
CS+,ptsd,hc_head,extinction,125,5.984833034163449
CS+,ptsd,hc_tail,acquisition,101,10.335324446932367
CS+,ptsd,hc_tail,acquisition,102,27.840207911174122
CS+,ptsd,hc_tail,acquisition,103,-26.857957556649733
CS+,ptsd,hc_tail,acquisition,104,12.765775222573554
CS+,ptsd,hc_tail,acquisition,105,22.87925942408675
CS+,ptsd,hc_tail,acquisition,106,22.63587207754961
CS+,ptsd,hc_tail,acquisition,107,9.599165762532946
CS+,ptsd,hc_tail,acquisition,108,6.281068273904649
CS+,ptsd,hc_tail,acquisition,109,-18.131706649795024
CS+,ptsd,hc_tail,acquisition,110,26.639445251696127
CS+,ptsd,hc_tail,acquisition,111,-7.675349960165719
CS+,ptsd,hc_tail,acquisition,112,15.801385015349036
CS+,ptsd,hc_tail,acquisition,113,34.33076461770107
CS+,ptsd,hc_tail,acquisition,114,8.679953281545924
CS+,ptsd,hc_tail,acquisition,115,-8.524010690047389
CS+,ptsd,hc_tail,acquisition,116,14.806280956860807
CS+,ptsd,hc_tail,acquisition,117,12.523509837183598
CS+,ptsd,hc_tail,acquisition,118,3.9873176963224517
CS+,ptsd,hc_tail,acquisition,120,31.91107158601609
CS+,ptsd,hc_tail,acquisition,121,-5.45072958174378
CS+,ptsd,hc_tail,acquisition,122,28.98726561236597
CS+,ptsd,hc_tail,acquisition,123,17.079205963887976
CS+,ptsd,hc_tail,acquisition,124,9.130008519919684
CS+,ptsd,hc_tail,acquisition,125,51.97523591758425
CS+,ptsd,hc_tail,baseline,101,12.474143807337219
CS+,ptsd,hc_tail,baseline,102,22.49407838776824
CS+,ptsd,hc_tail,baseline,103,-4.398347365821489
CS+,ptsd,hc_tail,baseline,104,15.544907170197938
CS+,ptsd,hc_tail,baseline,105,30.09803741469625
CS+,ptsd,hc_tail,baseline,106,24.487451824853483
CS+,ptsd,hc_tail,baseline,107,10.676335014101296
CS+,ptsd,hc_tail,baseline,108,7.532884012959482
CS+,ptsd,hc_tail,baseline,109,-5.299929509296863
CS+,ptsd,hc_tail,baseline,110,28.25061752392318
CS+,ptsd,hc_tail,baseline,111,-8.61983645465225
CS+,ptsd,hc_tail,baseline,112,-1.061019256855139
CS+,ptsd,hc_tail,baseline,113,28.75705744802641
CS+,ptsd,hc_tail,baseline,114,11.14928633093627
CS+,ptsd,hc_tail,baseline,115,-15.86123801933764
CS+,ptsd,hc_tail,baseline,116,27.04026741339337
CS+,ptsd,hc_tail,baseline,117,-17.36646024255619
CS+,ptsd,hc_tail,baseline,118,0.4896022019617513
CS+,ptsd,hc_tail,baseline,120,26.27448573635709
CS+,ptsd,hc_tail,baseline,121,-3.7454449967716377
CS+,ptsd,hc_tail,baseline,122,22.48626406948892
CS+,ptsd,hc_tail,baseline,123,14.363559928161994
CS+,ptsd,hc_tail,baseline,124,2.184684111012664
CS+,ptsd,hc_tail,baseline,125,47.245467772320296
CS+,ptsd,hc_tail,extinction,101,1.9263707947074653
CS+,ptsd,hc_tail,extinction,102,24.893410989220012
CS+,ptsd,hc_tail,extinction,103,-14.124268297304905
CS+,ptsd,hc_tail,extinction,104,12.45999694318805
CS+,ptsd,hc_tail,extinction,105,35.51942952005019
CS+,ptsd,hc_tail,extinction,106,28.617879075647306
CS+,ptsd,hc_tail,extinction,107,8.767631306326281
CS+,ptsd,hc_tail,extinction,108,2.55692393697723
CS+,ptsd,hc_tail,extinction,109,-8.531160118716835
CS+,ptsd,hc_tail,extinction,110,45.40583247982937
CS+,ptsd,hc_tail,extinction,111,-4.293516637322804
CS+,ptsd,hc_tail,extinction,112,7.308303088919881
CS+,ptsd,hc_tail,extinction,113,27.76110528534197
CS+,ptsd,hc_tail,extinction,114,27.3792792183628
CS+,ptsd,hc_tail,extinction,115,1.6321723613633503
CS+,ptsd,hc_tail,extinction,116,3.163686472904824
CS+,ptsd,hc_tail,extinction,117,-19.986890718886247
CS+,ptsd,hc_tail,extinction,118,8.93191513888262
CS+,ptsd,hc_tail,extinction,120,29.99830905566849
CS+,ptsd,hc_tail,extinction,121,3.382451311431148
CS+,ptsd,hc_tail,extinction,122,28.69201217812857
CS+,ptsd,hc_tail,extinction,123,11.972808783635116
CS+,ptsd,hc_tail,extinction,124,30.198329621717
CS+,ptsd,hc_tail,extinction,125,40.5599843365172
CS-,healthy,amyg_bla,acquisition,1,-17.06541577582205
CS-,healthy,amyg_bla,acquisition,2,-28.91810155421672
CS-,healthy,amyg_bla,acquisition,3,4.988634146490822
CS-,healthy,amyg_bla,acquisition,4,-28.74073790503332
CS-,healthy,amyg_bla,acquisition,5,7.143315436511407
CS-,healthy,amyg_bla,acquisition,6,-9.793454325305145
CS-,healthy,amyg_bla,acquisition,7,-15.366850546747449
CS-,healthy,amyg_bla,acquisition,8,0.3700781863460199
CS-,healthy,amyg_bla,acquisition,9,-18.2945868842547
CS-,healthy,amyg_bla,acquisition,10,0.5991390436464482
CS-,healthy,amyg_bla,acquisition,12,-1.4866904065752076
CS-,healthy,amyg_bla,acquisition,13,10.722825766934493
CS-,healthy,amyg_bla,acquisition,14,-42.15715644970308
CS-,healthy,amyg_bla,acquisition,15,3.025097568815614
CS-,healthy,amyg_bla,acquisition,16,-4.5818597577450175
CS-,healthy,amyg_bla,acquisition,17,-15.557859198862419
CS-,healthy,amyg_bla,acquisition,18,7.006575150748861
CS-,healthy,amyg_bla,acquisition,19,-11.534469442035975
CS-,healthy,amyg_bla,acquisition,20,-31.164751548645697
CS-,healthy,amyg_bla,acquisition,21,-10.60348845200556
CS-,healthy,amyg_bla,acquisition,23,0.8618025052933987
CS-,healthy,amyg_bla,acquisition,24,-32.15742496175571
CS-,healthy,amyg_bla,acquisition,25,19.64091701271499
CS-,healthy,amyg_bla,acquisition,26,9.243220136468839
CS-,healthy,amyg_bla,baseline,1,-13.442578263928509
CS-,healthy,amyg_bla,baseline,2,-8.676823653524853
CS-,healthy,amyg_bla,baseline,3,22.998856011535164
CS-,healthy,amyg_bla,baseline,4,-24.57035008549559
CS-,healthy,amyg_bla,baseline,5,-17.216615046320754
CS-,healthy,amyg_bla,baseline,6,-16.60166798478701
CS-,healthy,amyg_bla,baseline,7,-13.50964777820002
CS-,healthy,amyg_bla,baseline,8,5.691186964472243
CS-,healthy,amyg_bla,baseline,9,-4.612222911799615
CS-,healthy,amyg_bla,baseline,10,2.702323546612716
CS-,healthy,amyg_bla,baseline,12,-2.0675318202713417
CS-,healthy,amyg_bla,baseline,13,4.270277472373318
CS-,healthy,amyg_bla,baseline,14,-22.210812496738004
CS-,healthy,amyg_bla,baseline,15,-2.613255442330225
CS-,healthy,amyg_bla,baseline,16,-11.365123373677488
CS-,healthy,amyg_bla,baseline,17,-23.791271623434767
CS-,healthy,amyg_bla,baseline,18,8.305946371930895
CS-,healthy,amyg_bla,baseline,19,-7.962251444438139
CS-,healthy,amyg_bla,baseline,20,-21.547587897750407
CS-,healthy,amyg_bla,baseline,21,-4.892254281271333
CS-,healthy,amyg_bla,baseline,23,-3.996093668764024
CS-,healthy,amyg_bla,baseline,24,-30.683002721325693
CS-,healthy,amyg_bla,baseline,25,-1.834200978189564
CS-,healthy,amyg_bla,baseline,26,15.456575157151196
CS-,healthy,amyg_bla,extinction,1,-12.897631684709669
CS-,healthy,amyg_bla,extinction,2,-33.161087660375884
CS-,healthy,amyg_bla,extinction,3,8.86822352504668
CS-,healthy,amyg_bla,extinction,4,-35.08474554018661
CS-,healthy,amyg_bla,extinction,5,-5.204913821768467
CS-,healthy,amyg_bla,extinction,6,-29.72206161677937
CS-,healthy,amyg_bla,extinction,7,-11.80451860415956
CS-,healthy,amyg_bla,extinction,8,3.1605067019027167
CS-,healthy,amyg_bla,extinction,9,2.773805337027765
CS-,healthy,amyg_bla,extinction,10,5.837136624023646
CS-,healthy,amyg_bla,extinction,12,-5.83686708703578
CS-,healthy,amyg_bla,extinction,13,2.8503700543022883
CS-,healthy,amyg_bla,extinction,14,-33.21550552362617
CS-,healthy,amyg_bla,extinction,15,1.6235847836686084
CS-,healthy,amyg_bla,extinction,16,-9.294950416943756
CS-,healthy,amyg_bla,extinction,17,-16.731896823246473
CS-,healthy,amyg_bla,extinction,18,0.14455919634841435
CS-,healthy,amyg_bla,extinction,19,-21.88497637287535
CS-,healthy,amyg_bla,extinction,20,-29.205296550560746
CS-,healthy,amyg_bla,extinction,21,-10.08724857264176
CS-,healthy,amyg_bla,extinction,23,-2.391443367459664
CS-,healthy,amyg_bla,extinction,24,-30.17926848164625
CS-,healthy,amyg_bla,extinction,25,-16.827888387697016
CS-,healthy,amyg_bla,extinction,26,4.008164002356774
CS-,healthy,amyg_cem,acquisition,1,-36.941487092205186
CS-,healthy,amyg_cem,acquisition,2,-31.020033875370242
CS-,healthy,amyg_cem,acquisition,3,-19.9280404593421
CS-,healthy,amyg_cem,acquisition,4,-42.864218265951976
CS-,healthy,amyg_cem,acquisition,5,12.706496532214096
CS-,healthy,amyg_cem,acquisition,6,17.39794687394802
CS-,healthy,amyg_cem,acquisition,7,-18.30283204621325
CS-,healthy,amyg_cem,acquisition,8,4.621141742914915
CS-,healthy,amyg_cem,acquisition,9,52.959528606459294
CS-,healthy,amyg_cem,acquisition,10,17.318684347945712
CS-,healthy,amyg_cem,acquisition,12,35.461812015973095
CS-,healthy,amyg_cem,acquisition,13,28.862486275914375
CS-,healthy,amyg_cem,acquisition,14,-26.458459047722922
CS-,healthy,amyg_cem,acquisition,15,30.541766580810407
CS-,healthy,amyg_cem,acquisition,16,7.588478144209755
CS-,healthy,amyg_cem,acquisition,17,-7.377483958254257
CS-,healthy,amyg_cem,acquisition,18,47.93119761828483
CS-,healthy,amyg_cem,acquisition,19,-7.3604920963373255
CS-,healthy,amyg_cem,acquisition,20,-23.24427966609066
CS-,healthy,amyg_cem,acquisition,21,9.207350735449127
CS-,healthy,amyg_cem,acquisition,23,36.16500701266143
CS-,healthy,amyg_cem,acquisition,24,-27.430455882431502
CS-,healthy,amyg_cem,acquisition,25,25.17589156500909
CS-,healthy,amyg_cem,acquisition,26,7.373841065573893
CS-,healthy,amyg_cem,baseline,1,-22.49549331740879
CS-,healthy,amyg_cem,baseline,2,2.444082576590471
CS-,healthy,amyg_cem,baseline,3,19.67055431493234
CS-,healthy,amyg_cem,baseline,4,-42.82141418836039
CS-,healthy,amyg_cem,baseline,5,3.2177871817024704
CS-,healthy,amyg_cem,baseline,6,5.322359311358014
CS-,healthy,amyg_cem,baseline,7,-6.6029408274403325
CS-,healthy,amyg_cem,baseline,8,7.20081030597028
CS-,healthy,amyg_cem,baseline,9,31.20436259922349
CS-,healthy,amyg_cem,baseline,10,14.663021257321816
CS-,healthy,amyg_cem,baseline,12,50.01920981105003
CS-,healthy,amyg_cem,baseline,13,12.264607029296055
CS-,healthy,amyg_cem,baseline,14,-6.662757307497992
CS-,healthy,amyg_cem,baseline,15,0.7098156704633224
CS-,healthy,amyg_cem,baseline,16,11.919532259636377
CS-,healthy,amyg_cem,baseline,17,-28.466813294051427
CS-,healthy,amyg_cem,baseline,18,16.24266318043675
CS-,healthy,amyg_cem,baseline,19,-9.980359607305397
CS-,healthy,amyg_cem,baseline,20,7.351632074992273
CS-,healthy,amyg_cem,baseline,21,34.85467586542169
CS-,healthy,amyg_cem,baseline,23,36.961398537425424
CS-,healthy,amyg_cem,baseline,24,-20.12377697822986
CS-,healthy,amyg_cem,baseline,25,-39.03442124371556
CS-,healthy,amyg_cem,baseline,26,10.573986580129713
CS-,healthy,amyg_cem,extinction,1,-28.602083581056505
CS-,healthy,amyg_cem,extinction,2,-9.954510805760835
CS-,healthy,amyg_cem,extinction,3,-0.7585404776036739
CS-,healthy,amyg_cem,extinction,4,-58.503149052461005
CS-,healthy,amyg_cem,extinction,5,41.642822135810384
CS-,healthy,amyg_cem,extinction,6,0.2418250187280743
CS-,healthy,amyg_cem,extinction,7,0.4398090992962905
CS-,healthy,amyg_cem,extinction,8,-4.702256036007351
CS-,healthy,amyg_cem,extinction,9,42.186319384333636
CS-,healthy,amyg_cem,extinction,10,19.57599165996847
CS-,healthy,amyg_cem,extinction,12,48.46852230991071
CS-,healthy,amyg_cem,extinction,13,24.89304057903768
CS-,healthy,amyg_cem,extinction,14,-16.023218166045467
CS-,healthy,amyg_cem,extinction,15,21.922641689089517
CS-,healthy,amyg_cem,extinction,16,7.2218151905884325
CS-,healthy,amyg_cem,extinction,17,-9.098584726015623
CS-,healthy,amyg_cem,extinction,18,27.438069361697696
CS-,healthy,amyg_cem,extinction,19,-13.994850462247785
CS-,healthy,amyg_cem,extinction,20,-9.230062813287779
CS-,healthy,amyg_cem,extinction,21,26.13594255011219
CS-,healthy,amyg_cem,extinction,23,40.3289968558611
CS-,healthy,amyg_cem,extinction,24,-28.9342650646024
CS-,healthy,amyg_cem,extinction,25,-16.744538795891973
CS-,healthy,amyg_cem,extinction,26,6.123655166379953
CS-,healthy,hc_body,acquisition,1,-51.879054513034156
CS-,healthy,hc_body,acquisition,2,-17.334557601625377
CS-,healthy,hc_body,acquisition,3,43.70111278569067
CS-,healthy,hc_body,acquisition,4,-37.76262503597012
CS-,healthy,hc_body,acquisition,5,2.960996633120205
CS-,healthy,hc_body,acquisition,6,-19.944905651326536
CS-,healthy,hc_body,acquisition,7,-20.448780946076177
CS-,healthy,hc_body,acquisition,8,39.657982358299755
CS-,healthy,hc_body,acquisition,9,-13.574680873463027
CS-,healthy,hc_body,acquisition,10,-4.9808991593032665
CS-,healthy,hc_body,acquisition,12,5.746407167328112
CS-,healthy,hc_body,acquisition,13,-9.783587754636017
CS-,healthy,hc_body,acquisition,14,-2.4880766241057937
CS-,healthy,hc_body,acquisition,15,-11.358872905341782
CS-,healthy,hc_body,acquisition,16,-18.015826862407962
CS-,healthy,hc_body,acquisition,17,12.555748813844039
CS-,healthy,hc_body,acquisition,18,9.631691877612873
CS-,healthy,hc_body,acquisition,19,-18.12409121882503
CS-,healthy,hc_body,acquisition,20,-17.714224067202593
CS-,healthy,hc_body,acquisition,21,-4.52007727464225
CS-,healthy,hc_body,acquisition,23,18.258380301711444
CS-,healthy,hc_body,acquisition,24,-35.51060386196547
CS-,healthy,hc_body,acquisition,25,-14.321743673656044
CS-,healthy,hc_body,acquisition,26,-3.642208170247869
CS-,healthy,hc_body,baseline,1,-48.75229077375594
CS-,healthy,hc_body,baseline,2,-21.597459354253672
CS-,healthy,hc_body,baseline,3,12.677739059576252
CS-,healthy,hc_body,baseline,4,-31.32668204320549
CS-,healthy,hc_body,baseline,5,-11.397342120122405
CS-,healthy,hc_body,baseline,6,-14.120204797762792
CS-,healthy,hc_body,baseline,7,-10.604477221687693
CS-,healthy,hc_body,baseline,8,41.24494776092681
CS-,healthy,hc_body,baseline,9,-13.551569328868453
CS-,healthy,hc_body,baseline,10,-8.416085514772655
CS-,healthy,hc_body,baseline,12,-1.6089337908536738
CS-,healthy,hc_body,baseline,13,-0.4461930974091076
CS-,healthy,hc_body,baseline,14,1.868563939945992
CS-,healthy,hc_body,baseline,15,-15.937933819777571
CS-,healthy,hc_body,baseline,16,-17.273724353790932
CS-,healthy,hc_body,baseline,17,12.459085641802055
CS-,healthy,hc_body,baseline,18,-1.814648293528179
CS-,healthy,hc_body,baseline,19,-28.441765198347397
CS-,healthy,hc_body,baseline,20,2.2158874395605097
CS-,healthy,hc_body,baseline,21,8.655274281297437
CS-,healthy,hc_body,baseline,23,14.862108487160064
CS-,healthy,hc_body,baseline,24,-34.19955060582097
CS-,healthy,hc_body,baseline,25,-21.05239061760718
CS-,healthy,hc_body,baseline,26,-4.542506754063396
CS-,healthy,hc_body,extinction,1,-49.93901580442155
CS-,healthy,hc_body,extinction,2,-30.165417185445914
CS-,healthy,hc_body,extinction,3,14.747899914048688
CS-,healthy,hc_body,extinction,4,-29.27838839611993
CS-,healthy,hc_body,extinction,5,7.184640201603718
CS-,healthy,hc_body,extinction,6,-25.379089041539803
CS-,healthy,hc_body,extinction,7,-28.585378433177038
CS-,healthy,hc_body,extinction,8,30.464489411901564
CS-,healthy,hc_body,extinction,9,-20.16833070187325
CS-,healthy,hc_body,extinction,10,-12.266687439226327
CS-,healthy,hc_body,extinction,12,9.302532435591937
CS-,healthy,hc_body,extinction,13,-8.430324508604429
CS-,healthy,hc_body,extinction,14,2.908634147205043
CS-,healthy,hc_body,extinction,15,-16.51897045649143
CS-,healthy,hc_body,extinction,16,-15.669463427118325
CS-,healthy,hc_body,extinction,17,6.894104463041304
CS-,healthy,hc_body,extinction,18,-5.227581377036494
CS-,healthy,hc_body,extinction,19,-19.12993246623976
CS-,healthy,hc_body,extinction,20,0.27750472870839576
CS-,healthy,hc_body,extinction,21,-1.1116274906887431
CS-,healthy,hc_body,extinction,23,14.31574173022616
CS-,healthy,hc_body,extinction,24,-36.64420297897475
CS-,healthy,hc_body,extinction,25,-35.02951783139775
CS-,healthy,hc_body,extinction,26,-2.958100188380565
CS-,healthy,hc_head,acquisition,1,-47.72801705395814
CS-,healthy,hc_head,acquisition,2,-21.76702515529634
CS-,healthy,hc_head,acquisition,3,11.163396081058801
CS-,healthy,hc_head,acquisition,4,-48.3120691404896
CS-,healthy,hc_head,acquisition,5,9.177936967726172
CS-,healthy,hc_head,acquisition,6,-22.84502644031237
CS-,healthy,hc_head,acquisition,7,-1.3294822650406053
CS-,healthy,hc_head,acquisition,8,25.221552578258446
CS-,healthy,hc_head,acquisition,9,22.340279909747306
CS-,healthy,hc_head,acquisition,10,7.602103833971517
CS-,healthy,hc_head,acquisition,12,23.42743935082177
CS-,healthy,hc_head,acquisition,13,-20.492861529489545
CS-,healthy,hc_head,acquisition,14,-25.125197806158337
CS-,healthy,hc_head,acquisition,15,-1.037074344821726
CS-,healthy,hc_head,acquisition,16,2.868499356456641
CS-,healthy,hc_head,acquisition,17,-8.504847178406193
CS-,healthy,hc_head,acquisition,18,-11.087106471817377
CS-,healthy,hc_head,acquisition,19,-27.70921606104777
CS-,healthy,hc_head,acquisition,20,-8.069604826668973
CS-,healthy,hc_head,acquisition,21,-1.406190591044845
CS-,healthy,hc_head,acquisition,23,6.836214908743527
CS-,healthy,hc_head,acquisition,24,-39.05020692582258
CS-,healthy,hc_head,acquisition,25,-2.1348031027147982
CS-,healthy,hc_head,acquisition,26,-2.8158339471238945
CS-,healthy,hc_head,baseline,1,-40.706296405166775
CS-,healthy,hc_head,baseline,2,-24.06435941341156
CS-,healthy,hc_head,baseline,3,-1.1178762557341402
CS-,healthy,hc_head,baseline,4,-54.416359522332655
CS-,healthy,hc_head,baseline,5,-18.13013468202677
CS-,healthy,hc_head,baseline,6,-16.40615139740935
CS-,healthy,hc_head,baseline,7,2.5892382513106758
CS-,healthy,hc_head,baseline,8,25.842501679066004
CS-,healthy,hc_head,baseline,9,22.671618975391326
CS-,healthy,hc_head,baseline,10,-11.567497681320415
CS-,healthy,hc_head,baseline,12,19.96392779836164
CS-,healthy,hc_head,baseline,13,-7.441916565908238
CS-,healthy,hc_head,baseline,14,-16.868588809450852
CS-,healthy,hc_head,baseline,15,-20.54204046590293
CS-,healthy,hc_head,baseline,16,1.5742877252263403
CS-,healthy,hc_head,baseline,17,-7.443691571194153
CS-,healthy,hc_head,baseline,18,-14.974929254756056
CS-,healthy,hc_head,baseline,19,-35.62699755552965
CS-,healthy,hc_head,baseline,20,7.2486198765525724
CS-,healthy,hc_head,baseline,21,10.81655623446656
CS-,healthy,hc_head,baseline,23,0.6437178224027507
CS-,healthy,hc_head,baseline,24,-43.54904374324501
CS-,healthy,hc_head,baseline,25,-14.520934996584973
CS-,healthy,hc_head,baseline,26,-6.605381025025419
CS-,healthy,hc_head,extinction,1,-22.54258687673573
CS-,healthy,hc_head,extinction,2,-31.919455431023003
CS-,healthy,hc_head,extinction,3,1.1889401803884363
CS-,healthy,hc_head,extinction,4,-56.043990863169
CS-,healthy,hc_head,extinction,5,5.511234805574868
CS-,healthy,hc_head,extinction,6,-36.301630946723435
CS-,healthy,hc_head,extinction,7,0.9326758511366502
CS-,healthy,hc_head,extinction,8,17.207537345455982
CS-,healthy,hc_head,extinction,9,9.038958459814088
CS-,healthy,hc_head,extinction,10,4.563960017091049
CS-,healthy,hc_head,extinction,12,18.227230520873086
CS-,healthy,hc_head,extinction,13,-11.529127581069314
CS-,healthy,hc_head,extinction,14,-20.35599778775488
CS-,healthy,hc_head,extinction,15,-11.367136703602213
CS-,healthy,hc_head,extinction,16,-2.802322463587817
CS-,healthy,hc_head,extinction,17,-3.738936806399355
CS-,healthy,hc_head,extinction,18,-10.147849425659766
CS-,healthy,hc_head,extinction,19,-28.64362527774217
CS-,healthy,hc_head,extinction,20,0.4884366420952274
CS-,healthy,hc_head,extinction,21,13.015160552485547
CS-,healthy,hc_head,extinction,23,2.5339442449477123
CS-,healthy,hc_head,extinction,24,-49.17782784337985
CS-,healthy,hc_head,extinction,25,-38.62467620856359
CS-,healthy,hc_head,extinction,26,-1.6615355203598592
CS-,healthy,hc_tail,acquisition,1,5.046526385364788
CS-,healthy,hc_tail,acquisition,2,6.371914972888602
CS-,healthy,hc_tail,acquisition,3,27.759500604328302
CS-,healthy,hc_tail,acquisition,4,-12.09361482328192
CS-,healthy,hc_tail,acquisition,5,-3.0266444353791684
CS-,healthy,hc_tail,acquisition,6,3.003589779217096
CS-,healthy,hc_tail,acquisition,7,-13.092807904469025
CS-,healthy,hc_tail,acquisition,8,53.576283395897576
CS-,healthy,hc_tail,acquisition,9,9.563174120126627
CS-,healthy,hc_tail,acquisition,10,12.251398180749106
CS-,healthy,hc_tail,acquisition,12,32.71067725083601
CS-,healthy,hc_tail,acquisition,13,12.018227950904308
CS-,healthy,hc_tail,acquisition,14,-12.646636486994195
CS-,healthy,hc_tail,acquisition,15,34.600583375566934
CS-,healthy,hc_tail,acquisition,16,-1.9635572788568256
CS-,healthy,hc_tail,acquisition,17,21.300352575750946
CS-,healthy,hc_tail,acquisition,18,14.710261086738385
CS-,healthy,hc_tail,acquisition,19,-2.946969879989478
CS-,healthy,hc_tail,acquisition,20,-2.708512373942588
CS-,healthy,hc_tail,acquisition,21,27.07672265076186
CS-,healthy,hc_tail,acquisition,23,46.1483842297857
CS-,healthy,hc_tail,acquisition,24,-20.463756667280013
CS-,healthy,hc_tail,acquisition,25,-0.11739313249525272
CS-,healthy,hc_tail,acquisition,26,-1.8861838642440667
CS-,healthy,hc_tail,baseline,1,9.978999987013221
CS-,healthy,hc_tail,baseline,2,-8.55766964428282
CS-,healthy,hc_tail,baseline,3,-20.091655499624807
CS-,healthy,hc_tail,baseline,4,-11.915232546384107
CS-,healthy,hc_tail,baseline,5,-29.86501024641481
CS-,healthy,hc_tail,baseline,6,6.853991911492566
CS-,healthy,hc_tail,baseline,7,6.412905392066264
CS-,healthy,hc_tail,baseline,8,49.29079312031072
CS-,healthy,hc_tail,baseline,9,-11.610612578546775
CS-,healthy,hc_tail,baseline,10,0.34518437249999906
CS-,healthy,hc_tail,baseline,12,25.006306406800395
CS-,healthy,hc_tail,baseline,13,22.565788275955228
CS-,healthy,hc_tail,baseline,14,-1.41343346065042
CS-,healthy,hc_tail,baseline,15,16.96798062340046
CS-,healthy,hc_tail,baseline,16,-5.074512317135898
CS-,healthy,hc_tail,baseline,17,24.117897047088128
CS-,healthy,hc_tail,baseline,18,-8.298349265009165
CS-,healthy,hc_tail,baseline,19,-10.465105897988435
CS-,healthy,hc_tail,baseline,20,9.584413124813832
CS-,healthy,hc_tail,baseline,21,41.318329210727455
CS-,healthy,hc_tail,baseline,23,35.1878508250861
CS-,healthy,hc_tail,baseline,24,-19.914157830586763
CS-,healthy,hc_tail,baseline,25,19.38747808023503
CS-,healthy,hc_tail,baseline,26,-13.815253339196046
CS-,healthy,hc_tail,extinction,1,17.560572313604418
CS-,healthy,hc_tail,extinction,2,-5.2510072294001775
CS-,healthy,hc_tail,extinction,3,0.11046707934540946
CS-,healthy,hc_tail,extinction,4,-19.6327603944572
CS-,healthy,hc_tail,extinction,5,-3.6412504126744656
CS-,healthy,hc_tail,extinction,6,-12.448306857993956
CS-,healthy,hc_tail,extinction,7,-21.699474665691103
CS-,healthy,hc_tail,extinction,8,40.431714569176116
CS-,healthy,hc_tail,extinction,9,-7.7880496542391375
CS-,healthy,hc_tail,extinction,10,-4.611743650057663
CS-,healthy,hc_tail,extinction,12,34.244747284901145
CS-,healthy,hc_tail,extinction,13,13.550442836187939
CS-,healthy,hc_tail,extinction,14,-3.140666278775292
CS-,healthy,hc_tail,extinction,15,26.566133464835968
CS-,healthy,hc_tail,extinction,16,-2.7688144463806963
CS-,healthy,hc_tail,extinction,17,26.88372819651412
CS-,healthy,hc_tail,extinction,18,6.552972470402949
CS-,healthy,hc_tail,extinction,19,0.9926196949521976
CS-,healthy,hc_tail,extinction,20,-11.328805882617598
CS-,healthy,hc_tail,extinction,21,33.467613669434705
CS-,healthy,hc_tail,extinction,23,43.79967106472362
CS-,healthy,hc_tail,extinction,24,-18.452490672980453
CS-,healthy,hc_tail,extinction,25,24.125402675130573
CS-,healthy,hc_tail,extinction,26,-9.486080358694263
CS-,ptsd,amyg_bla,acquisition,101,-2.842118374285784
CS-,ptsd,amyg_bla,acquisition,102,-2.3504859724463643
CS-,ptsd,amyg_bla,acquisition,103,-24.62411679101635
CS-,ptsd,amyg_bla,acquisition,104,-3.7363218266551965
CS-,ptsd,amyg_bla,acquisition,105,4.626064238425874
CS-,ptsd,amyg_bla,acquisition,106,-19.912721860477987
CS-,ptsd,amyg_bla,acquisition,107,-4.042907591980487
CS-,ptsd,amyg_bla,acquisition,108,9.260242520955405
CS-,ptsd,amyg_bla,acquisition,109,4.776737764507869
CS-,ptsd,amyg_bla,acquisition,110,22.116996914371533
CS-,ptsd,amyg_bla,acquisition,111,-26.10857963900453
CS-,ptsd,amyg_bla,acquisition,112,-2.463984032402831
CS-,ptsd,amyg_bla,acquisition,113,-22.04656265100461
CS-,ptsd,amyg_bla,acquisition,114,7.651411252691307
CS-,ptsd,amyg_bla,acquisition,115,-12.147169783808787
CS-,ptsd,amyg_bla,acquisition,116,8.192256180194542
CS-,ptsd,amyg_bla,acquisition,117,4.2863553344906
CS-,ptsd,amyg_bla,acquisition,118,-0.6014241601372635
CS-,ptsd,amyg_bla,acquisition,120,10.969071409895244
CS-,ptsd,amyg_bla,acquisition,121,-18.763846847458275
CS-,ptsd,amyg_bla,acquisition,122,2.9330171694714133
CS-,ptsd,amyg_bla,acquisition,123,-8.587382791632855
CS-,ptsd,amyg_bla,acquisition,124,-1.6750819487105155
CS-,ptsd,amyg_bla,acquisition,125,5.707507192822441
CS-,ptsd,amyg_bla,baseline,101,2.3324571322416205
CS-,ptsd,amyg_bla,baseline,102,-5.29010092295163
CS-,ptsd,amyg_bla,baseline,103,-26.01151214296779
CS-,ptsd,amyg_bla,baseline,104,0.34550273070518656
CS-,ptsd,amyg_bla,baseline,105,-2.6354612231361574
CS-,ptsd,amyg_bla,baseline,106,-0.24728222272824496
CS-,ptsd,amyg_bla,baseline,107,-5.965419411332017
CS-,ptsd,amyg_bla,baseline,108,3.4556217633489257
CS-,ptsd,amyg_bla,baseline,109,7.153279150189669
CS-,ptsd,amyg_bla,baseline,110,-7.219752366132043
CS-,ptsd,amyg_bla,baseline,111,-30.387539473704663
CS-,ptsd,amyg_bla,baseline,112,-2.2151918393531536
CS-,ptsd,amyg_bla,baseline,113,-22.376818348181605
CS-,ptsd,amyg_bla,baseline,114,9.106020412304336
CS-,ptsd,amyg_bla,baseline,115,-4.14576218409979
CS-,ptsd,amyg_bla,baseline,116,2.494143558187386
CS-,ptsd,amyg_bla,baseline,117,-0.8198796127523694
CS-,ptsd,amyg_bla,baseline,118,1.6347714220565812
CS-,ptsd,amyg_bla,baseline,120,16.833371658911815
CS-,ptsd,amyg_bla,baseline,121,-13.577558805987644
CS-,ptsd,amyg_bla,baseline,122,8.586364646314406
CS-,ptsd,amyg_bla,baseline,123,-14.535284529524612
CS-,ptsd,amyg_bla,baseline,124,-0.8891159555029854
CS-,ptsd,amyg_bla,baseline,125,13.525867614692581
CS-,ptsd,amyg_bla,extinction,101,1.5507325229559388
CS-,ptsd,amyg_bla,extinction,102,-3.507129177846946
CS-,ptsd,amyg_bla,extinction,103,-21.89217319474228
CS-,ptsd,amyg_bla,extinction,104,-10.002444985946212
CS-,ptsd,amyg_bla,extinction,105,0.2130035915077456
CS-,ptsd,amyg_bla,extinction,106,-18.621188694357343
CS-,ptsd,amyg_bla,extinction,107,-7.757431983296107
CS-,ptsd,amyg_bla,extinction,108,-4.6197232171573726
CS-,ptsd,amyg_bla,extinction,109,-0.9101304990992184
CS-,ptsd,amyg_bla,extinction,110,14.400409805030707
CS-,ptsd,amyg_bla,extinction,111,0.8315049261843871
CS-,ptsd,amyg_bla,extinction,112,-7.4453229540027674
CS-,ptsd,amyg_bla,extinction,113,-23.7314448853997
CS-,ptsd,amyg_bla,extinction,114,-1.39289057427474
CS-,ptsd,amyg_bla,extinction,115,-2.9337536240841184
CS-,ptsd,amyg_bla,extinction,116,-1.7008082480676991
CS-,ptsd,amyg_bla,extinction,117,12.123456287200375
CS-,ptsd,amyg_bla,extinction,118,-4.778888747688977
CS-,ptsd,amyg_bla,extinction,120,25.339288678004607
CS-,ptsd,amyg_bla,extinction,121,-13.090059745758715
CS-,ptsd,amyg_bla,extinction,122,1.8219901959783111
CS-,ptsd,amyg_bla,extinction,123,-9.110235309649124
CS-,ptsd,amyg_bla,extinction,124,-11.749849503421421
CS-,ptsd,amyg_bla,extinction,125,13.240109882085711
CS-,ptsd,amyg_cem,acquisition,101,-5.216249122478378
CS-,ptsd,amyg_cem,acquisition,102,8.022608731144661
CS-,ptsd,amyg_cem,acquisition,103,-39.67987755307972
CS-,ptsd,amyg_cem,acquisition,104,0.9251436863529992
CS-,ptsd,amyg_cem,acquisition,105,0.038566784150358566
CS-,ptsd,amyg_cem,acquisition,106,39.444858675121615
CS-,ptsd,amyg_cem,acquisition,107,-5.189761057439627
CS-,ptsd,amyg_cem,acquisition,108,4.123614953403982
CS-,ptsd,amyg_cem,acquisition,109,21.367025621966537
CS-,ptsd,amyg_cem,acquisition,110,3.235657915478116
CS-,ptsd,amyg_cem,acquisition,111,-69.75591841998383
CS-,ptsd,amyg_cem,acquisition,112,-10.404185378186718
CS-,ptsd,amyg_cem,acquisition,113,-24.445361427410173
CS-,ptsd,amyg_cem,acquisition,114,30.078338315531692
CS-,ptsd,amyg_cem,acquisition,115,-12.422842324844428
CS-,ptsd,amyg_cem,acquisition,116,12.65790522563201
CS-,ptsd,amyg_cem,acquisition,117,17.100544600437086
CS-,ptsd,amyg_cem,acquisition,118,5.617583924352571
CS-,ptsd,amyg_cem,acquisition,120,19.36137274339905
CS-,ptsd,amyg_cem,acquisition,121,-31.90828934174266
CS-,ptsd,amyg_cem,acquisition,122,24.74242750312933
CS-,ptsd,amyg_cem,acquisition,123,15.459349795264034
CS-,ptsd,amyg_cem,acquisition,124,-4.917422417822915
CS-,ptsd,amyg_cem,acquisition,125,9.59417524555658
CS-,ptsd,amyg_cem,baseline,101,-10.210940171731636
CS-,ptsd,amyg_cem,baseline,102,-18.40020035027905
CS-,ptsd,amyg_cem,baseline,103,1.8136470141332768
CS-,ptsd,amyg_cem,baseline,104,-4.76350310577878
CS-,ptsd,amyg_cem,baseline,105,-9.186465919447237
CS-,ptsd,amyg_cem,baseline,106,21.528154161450786
CS-,ptsd,amyg_cem,baseline,107,-8.307337610408512
CS-,ptsd,amyg_cem,baseline,108,-2.8880603822181
CS-,ptsd,amyg_cem,baseline,109,19.630086951284554
CS-,ptsd,amyg_cem,baseline,110,-10.845764595286576
CS-,ptsd,amyg_cem,baseline,111,-58.07694671604344
CS-,ptsd,amyg_cem,baseline,112,-12.303840002821138
CS-,ptsd,amyg_cem,baseline,113,-29.41407561638191
CS-,ptsd,amyg_cem,baseline,114,17.527340397690278
CS-,ptsd,amyg_cem,baseline,115,-8.465033540307058
CS-,ptsd,amyg_cem,baseline,116,0.5489518046779658
CS-,ptsd,amyg_cem,baseline,117,36.223673074471726
CS-,ptsd,amyg_cem,baseline,118,20.35016331922461
CS-,ptsd,amyg_cem,baseline,120,39.09167099756972
CS-,ptsd,amyg_cem,baseline,121,-3.4246900141978966
CS-,ptsd,amyg_cem,baseline,122,15.168897860413114
CS-,ptsd,amyg_cem,baseline,123,3.9730661660481315
CS-,ptsd,amyg_cem,baseline,124,17.48991621044115
CS-,ptsd,amyg_cem,baseline,125,-0.03696773502537433
CS-,ptsd,amyg_cem,extinction,101,-5.330595075734892
CS-,ptsd,amyg_cem,extinction,102,5.952741938845806
CS-,ptsd,amyg_cem,extinction,103,-6.0143768462308085
CS-,ptsd,amyg_cem,extinction,104,-20.977084270101926
CS-,ptsd,amyg_cem,extinction,105,-26.94535024898748
CS-,ptsd,amyg_cem,extinction,106,38.305520832047904
CS-,ptsd,amyg_cem,extinction,107,-2.0034413344951143
CS-,ptsd,amyg_cem,extinction,108,-13.782127383630725
CS-,ptsd,amyg_cem,extinction,109,-3.436137767198185
CS-,ptsd,amyg_cem,extinction,110,1.6967511470355685
CS-,ptsd,amyg_cem,extinction,111,-26.07651398754816
CS-,ptsd,amyg_cem,extinction,112,-2.535736226825976
CS-,ptsd,amyg_cem,extinction,113,-29.013013615638165
CS-,ptsd,amyg_cem,extinction,114,19.42067082572465
CS-,ptsd,amyg_cem,extinction,115,-18.640251414735047
CS-,ptsd,amyg_cem,extinction,116,-1.8336043748804318
CS-,ptsd,amyg_cem,extinction,117,17.48277394073429
CS-,ptsd,amyg_cem,extinction,118,5.2507117153120735
CS-,ptsd,amyg_cem,extinction,120,31.181394488203765
CS-,ptsd,amyg_cem,extinction,121,-24.658839879188317
CS-,ptsd,amyg_cem,extinction,122,29.656638496355104
CS-,ptsd,amyg_cem,extinction,123,19.245527308511857
CS-,ptsd,amyg_cem,extinction,124,-14.390441646100953
CS-,ptsd,amyg_cem,extinction,125,-4.915932372593514
CS-,ptsd,hc_body,acquisition,101,12.81747312009228
CS-,ptsd,hc_body,acquisition,102,4.034870238769765
CS-,ptsd,hc_body,acquisition,103,-0.7502739234772132
CS-,ptsd,hc_body,acquisition,104,8.185768988016598
CS-,ptsd,hc_body,acquisition,105,24.77961156664641
CS-,ptsd,hc_body,acquisition,106,33.344303973999835
CS-,ptsd,hc_body,acquisition,107,-23.154652757126666
CS-,ptsd,hc_body,acquisition,108,-6.762844551700198
CS-,ptsd,hc_body,acquisition,109,-13.096018908845654
CS-,ptsd,hc_body,acquisition,110,6.7052480818715585
CS-,ptsd,hc_body,acquisition,111,-6.348048371820148
CS-,ptsd,hc_body,acquisition,112,-10.655014650342519
CS-,ptsd,hc_body,acquisition,113,-1.3186569660506855
CS-,ptsd,hc_body,acquisition,114,9.248773709244642
CS-,ptsd,hc_body,acquisition,115,-24.01159535475484
CS-,ptsd,hc_body,acquisition,116,-4.820957075128807
CS-,ptsd,hc_body,acquisition,117,4.651502325423135
CS-,ptsd,hc_body,acquisition,118,3.3190383729402826
CS-,ptsd,hc_body,acquisition,120,-0.06574754264032424
CS-,ptsd,hc_body,acquisition,121,-18.630936255531275
CS-,ptsd,hc_body,acquisition,122,-7.221672074625357
CS-,ptsd,hc_body,acquisition,123,-3.4336759239946515
CS-,ptsd,hc_body,acquisition,124,-1.7640447268346091
CS-,ptsd,hc_body,acquisition,125,21.640155971851392
CS-,ptsd,hc_body,baseline,101,2.7061576281957485
CS-,ptsd,hc_body,baseline,102,3.939238677066201
CS-,ptsd,hc_body,baseline,103,1.6458358549568248
CS-,ptsd,hc_body,baseline,104,8.562150433429254
CS-,ptsd,hc_body,baseline,105,17.244553950089866
CS-,ptsd,hc_body,baseline,106,33.88404303816655
CS-,ptsd,hc_body,baseline,107,-19.70163326729865
CS-,ptsd,hc_body,baseline,108,-23.064030800995024
CS-,ptsd,hc_body,baseline,109,-12.680784443008996
CS-,ptsd,hc_body,baseline,110,-7.667277198479793
CS-,ptsd,hc_body,baseline,111,-13.514649185909324
CS-,ptsd,hc_body,baseline,112,5.245650260109146
CS-,ptsd,hc_body,baseline,113,-6.7721994261829614
CS-,ptsd,hc_body,baseline,114,14.352790163052035
CS-,ptsd,hc_body,baseline,115,-21.247627758125347
CS-,ptsd,hc_body,baseline,116,-14.398429773488612
CS-,ptsd,hc_body,baseline,117,11.017804820973348
CS-,ptsd,hc_body,baseline,118,15.706920535034769
CS-,ptsd,hc_body,baseline,120,5.987607710460957
CS-,ptsd,hc_body,baseline,121,-15.684172214597563
CS-,ptsd,hc_body,baseline,122,-3.883709480120319
CS-,ptsd,hc_body,baseline,123,0.6996467623932688
CS-,ptsd,hc_body,baseline,124,3.8257934689900135
CS-,ptsd,hc_body,baseline,125,26.42533637255659
CS-,ptsd,hc_body,extinction,101,16.797580131311747
CS-,ptsd,hc_body,extinction,102,8.628024332725865
CS-,ptsd,hc_body,extinction,103,0.3372753341405625
CS-,ptsd,hc_body,extinction,104,6.466041773508736
CS-,ptsd,hc_body,extinction,105,16.297129120896038
CS-,ptsd,hc_body,extinction,106,37.69660241582041
CS-,ptsd,hc_body,extinction,107,-26.868153024757863
CS-,ptsd,hc_body,extinction,108,-23.341176438536163
CS-,ptsd,hc_body,extinction,109,-25.94746847855138
CS-,ptsd,hc_body,extinction,110,-6.4413351348971535
CS-,ptsd,hc_body,extinction,111,-9.017405603716833
CS-,ptsd,hc_body,extinction,112,-2.4058241963600966
CS-,ptsd,hc_body,extinction,113,-2.2867683652829545
CS-,ptsd,hc_body,extinction,114,4.897233413993577
CS-,ptsd,hc_body,extinction,115,-25.429833603172845
CS-,ptsd,hc_body,extinction,116,-18.06470242126059
CS-,ptsd,hc_body,extinction,117,8.18051396617398
CS-,ptsd,hc_body,extinction,118,5.375857411415369
CS-,ptsd,hc_body,extinction,120,14.07659753406714
CS-,ptsd,hc_body,extinction,121,-11.409536649990413
CS-,ptsd,hc_body,extinction,122,-16.981926745368227
CS-,ptsd,hc_body,extinction,123,9.221893841470136
CS-,ptsd,hc_body,extinction,124,-8.147352737149424
CS-,ptsd,hc_body,extinction,125,18.50792642806825
CS-,ptsd,hc_head,acquisition,101,-7.1494539734343086
CS-,ptsd,hc_head,acquisition,102,-5.356192350297731
CS-,ptsd,hc_head,acquisition,103,-12.99658809305878
CS-,ptsd,hc_head,acquisition,104,6.500922400746076
CS-,ptsd,hc_head,acquisition,105,-2.7052622997062796
CS-,ptsd,hc_head,acquisition,106,41.561492633467076
CS-,ptsd,hc_head,acquisition,107,-12.77435014368601
CS-,ptsd,hc_head,acquisition,108,-2.2157682757111545
CS-,ptsd,hc_head,acquisition,109,-1.1146638424152526
CS-,ptsd,hc_head,acquisition,110,19.023079013059235
CS-,ptsd,hc_head,acquisition,111,-49.681507876228466
CS-,ptsd,hc_head,acquisition,112,-3.4895744657844667
CS-,ptsd,hc_head,acquisition,113,-22.253413166123227
CS-,ptsd,hc_head,acquisition,114,3.865417529340765
CS-,ptsd,hc_head,acquisition,115,-24.5306393195139
CS-,ptsd,hc_head,acquisition,116,-4.206356236898285
CS-,ptsd,hc_head,acquisition,117,-1.4032868807114882
CS-,ptsd,hc_head,acquisition,118,-10.13433862887674
CS-,ptsd,hc_head,acquisition,120,-1.957009165695515
CS-,ptsd,hc_head,acquisition,121,-24.01705760053553
CS-,ptsd,hc_head,acquisition,122,7.110572312193849
CS-,ptsd,hc_head,acquisition,123,-7.48252014798981
CS-,ptsd,hc_head,acquisition,124,-5.881555430002012
CS-,ptsd,hc_head,acquisition,125,10.110560145004687
CS-,ptsd,hc_head,baseline,101,0.4759452007778421
CS-,ptsd,hc_head,baseline,102,-10.983049733134873
CS-,ptsd,hc_head,baseline,103,-13.831445305618901
CS-,ptsd,hc_head,baseline,104,2.6628704427525958
CS-,ptsd,hc_head,baseline,105,-3.6704318781626335
CS-,ptsd,hc_head,baseline,106,33.865829633677905
CS-,ptsd,hc_head,baseline,107,-15.948462812168982
CS-,ptsd,hc_head,baseline,108,-7.9052443575633315
CS-,ptsd,hc_head,baseline,109,-2.597815923683077
CS-,ptsd,hc_head,baseline,110,6.9133710787546905
CS-,ptsd,hc_head,baseline,111,-38.44036433219938
CS-,ptsd,hc_head,baseline,112,-0.5167376650818463
CS-,ptsd,hc_head,baseline,113,-21.425855342888074
CS-,ptsd,hc_head,baseline,114,5.701536414124657
CS-,ptsd,hc_head,baseline,115,-12.259587094306019
CS-,ptsd,hc_head,baseline,116,-5.328613498846772
CS-,ptsd,hc_head,baseline,117,2.6680317571777747
CS-,ptsd,hc_head,baseline,118,4.500629003111497
CS-,ptsd,hc_head,baseline,120,9.600845437056114
CS-,ptsd,hc_head,baseline,121,-32.48908287224055
CS-,ptsd,hc_head,baseline,122,14.102062572042351
CS-,ptsd,hc_head,baseline,123,-2.680128146790849
CS-,ptsd,hc_head,baseline,124,-8.376087009273117
CS-,ptsd,hc_head,baseline,125,9.322508665819534
CS-,ptsd,hc_head,extinction,101,1.19086735996087
CS-,ptsd,hc_head,extinction,102,-8.52610374021764
CS-,ptsd,hc_head,extinction,103,-7.115437717305241
CS-,ptsd,hc_head,extinction,104,2.4310605464089248
CS-,ptsd,hc_head,extinction,105,-3.5760846358311715
CS-,ptsd,hc_head,extinction,106,38.14525164592814
CS-,ptsd,hc_head,extinction,107,-21.71576190714076
CS-,ptsd,hc_head,extinction,108,-20.743170118776924
CS-,ptsd,hc_head,extinction,109,-14.407083092175364
CS-,ptsd,hc_head,extinction,110,13.402965150440451
CS-,ptsd,hc_head,extinction,111,1.5012461145577782
CS-,ptsd,hc_head,extinction,112,-8.921696902638386
CS-,ptsd,hc_head,extinction,113,-12.008626869006653
CS-,ptsd,hc_head,extinction,114,-0.008762270086703616
CS-,ptsd,hc_head,extinction,115,-13.181821459669822
CS-,ptsd,hc_head,extinction,116,-14.444063300843725
CS-,ptsd,hc_head,extinction,117,8.623872122819094
CS-,ptsd,hc_head,extinction,118,-2.2829162556274962
CS-,ptsd,hc_head,extinction,120,7.6350573116775475
CS-,ptsd,hc_head,extinction,121,-23.65555609481218
CS-,ptsd,hc_head,extinction,122,1.7764672974828624
CS-,ptsd,hc_head,extinction,123,-3.4001118909666763
CS-,ptsd,hc_head,extinction,124,-19.771383787013246
CS-,ptsd,hc_head,extinction,125,4.4325010979381245
CS-,ptsd,hc_tail,acquisition,101,-2.9778497143249427
CS-,ptsd,hc_tail,acquisition,102,35.956399000361365
CS-,ptsd,hc_tail,acquisition,103,-14.422071158071045
CS-,ptsd,hc_tail,acquisition,104,19.862647283071748
CS-,ptsd,hc_tail,acquisition,105,40.57766120063592
CS-,ptsd,hc_tail,acquisition,106,23.141474966369003
CS-,ptsd,hc_tail,acquisition,107,9.334854074603037
CS-,ptsd,hc_tail,acquisition,108,12.36136043805516
CS-,ptsd,hc_tail,acquisition,109,-6.8573363121185045
CS-,ptsd,hc_tail,acquisition,110,36.73743804440918
CS-,ptsd,hc_tail,acquisition,111,-12.51852607280016
CS-,ptsd,hc_tail,acquisition,112,-0.07949360950096022
CS-,ptsd,hc_tail,acquisition,113,32.84174833020762
CS-,ptsd,hc_tail,acquisition,114,19.08876140628542
CS-,ptsd,hc_tail,acquisition,115,-13.604834597226136
CS-,ptsd,hc_tail,acquisition,116,25.54449212976865
CS-,ptsd,hc_tail,acquisition,117,5.5008800020357524
CS-,ptsd,hc_tail,acquisition,118,3.696421334371948
CS-,ptsd,hc_tail,acquisition,120,18.446215587016198
CS-,ptsd,hc_tail,acquisition,121,-16.055263829069453
CS-,ptsd,hc_tail,acquisition,122,22.75345250199799
CS-,ptsd,hc_tail,acquisition,123,2.6638863454901207
CS-,ptsd,hc_tail,acquisition,124,14.365945389115204
CS-,ptsd,hc_tail,acquisition,125,47.383896126641
CS-,ptsd,hc_tail,baseline,101,-8.232241733988657
CS-,ptsd,hc_tail,baseline,102,25.913390444856
CS-,ptsd,hc_tail,baseline,103,-7.381706545881268
CS-,ptsd,hc_tail,baseline,104,11.944069498294107
CS-,ptsd,hc_tail,baseline,105,29.52122619120914
CS-,ptsd,hc_tail,baseline,106,21.698397428481695
CS-,ptsd,hc_tail,baseline,107,11.554606630289486
CS-,ptsd,hc_tail,baseline,108,0.6065875017319364
CS-,ptsd,hc_tail,baseline,109,-5.396361820783109
CS-,ptsd,hc_tail,baseline,110,20.401406027833847
CS-,ptsd,hc_tail,baseline,111,-17.583833336260998
CS-,ptsd,hc_tail,baseline,112,10.91491347444909
CS-,ptsd,hc_tail,baseline,113,18.064485900658962
CS-,ptsd,hc_tail,baseline,114,18.41497309403937
CS-,ptsd,hc_tail,baseline,115,-0.17486808892308978
CS-,ptsd,hc_tail,baseline,116,9.32568466817694
CS-,ptsd,hc_tail,baseline,117,7.492833155014359
CS-,ptsd,hc_tail,baseline,118,15.474294134192233
CS-,ptsd,hc_tail,baseline,120,26.17042844163395
CS-,ptsd,hc_tail,baseline,121,-11.282774850078251
CS-,ptsd,hc_tail,baseline,122,27.4229883400518
CS-,ptsd,hc_tail,baseline,123,16.67218418701942
CS-,ptsd,hc_tail,baseline,124,9.237477208822009
CS-,ptsd,hc_tail,baseline,125,46.58032829796393
CS-,ptsd,hc_tail,extinction,101,9.823929203124274
CS-,ptsd,hc_tail,extinction,102,40.136818922968814
CS-,ptsd,hc_tail,extinction,103,-16.59986511346263
CS-,ptsd,hc_tail,extinction,104,16.794241216327354
CS-,ptsd,hc_tail,extinction,105,33.49007389098406
CS-,ptsd,hc_tail,extinction,106,26.248007395982064
CS-,ptsd,hc_tail,extinction,107,-7.942527629701152
CS-,ptsd,hc_tail,extinction,108,-4.601617985649618
CS-,ptsd,hc_tail,extinction,109,-18.007303682583938
CS-,ptsd,hc_tail,extinction,110,24.767712866137966
CS-,ptsd,hc_tail,extinction,111,-7.306368958965565
CS-,ptsd,hc_tail,extinction,112,-2.6291362306649155
CS-,ptsd,hc_tail,extinction,113,21.918339138291774
CS-,ptsd,hc_tail,extinction,114,18.055264097874954
CS-,ptsd,hc_tail,extinction,115,-8.176839112023275
CS-,ptsd,hc_tail,extinction,116,5.2876294021450345
CS-,ptsd,hc_tail,extinction,117,9.361179502915826
CS-,ptsd,hc_tail,extinction,118,2.253225574122062
CS-,ptsd,hc_tail,extinction,120,26.318282981122298
CS-,ptsd,hc_tail,extinction,121,-10.684828363923412
CS-,ptsd,hc_tail,extinction,122,24.44925829478941
CS-,ptsd,hc_tail,extinction,123,10.989260068433916
CS-,ptsd,hc_tail,extinction,124,0.6203067388776571
CS-,ptsd,hc_tail,extinction,125,41.1358787166591
