roi,encode_phase,level,subject,low_confidence_accuracy,high_confidence_accuracy,CSp_trial,CSm_trial,rsa,group
mOFC,baseline,item,1,0.3333333333333333,0.29166666666666663,,,-0.22439468538366603,control
mOFC,baseline,item,2,0.25,0.25,,,0.32165820640297205,control
mOFC,baseline,item,3,0.20833333333333337,0.041666666666666685,,,0.008273980779231655,control
mOFC,baseline,item,4,-0.04166666666666663,0.0,,,0.11050346078978701,control
mOFC,baseline,item,5,0.16666666666666674,0.16666666666666674,,,-0.056835289735057394,control
mOFC,baseline,item,6,0.25,0.16666666666666666,,,-0.017798740077683513,control
mOFC,baseline,item,7,0.08333333333333337,0.12500000000000003,,,0.12696311937509167,control
mOFC,baseline,item,8,0.04166666666666663,0.08333333333333337,,,0.06234897839125482,control
mOFC,baseline,item,9,-0.25000000000000006,-0.25,,,-0.015461643498882224,control
mOFC,baseline,item,10,-0.04166666666666663,0.0,,,-0.10454301397047949,control
mOFC,baseline,item,12,0.08333333333333337,0.08333333333333331,,,-0.0747450927177553,control
mOFC,baseline,item,13,-0.125,0.125,,,0.04234781660345795,control
mOFC,baseline,item,14,0.125,0.08333333333333331,,,0.02763616300576388,control
mOFC,baseline,item,15,0.04166666666666674,0.08333333333333337,,,0.06929584022540528,control
mOFC,baseline,item,16,-0.125,0.16666666666666669,,,0.017547828483029382,control
mOFC,baseline,item,17,-0.08333333333333337,0.08333333333333337,,,-0.0021338276971549983,control
mOFC,baseline,item,18,0.041666666666666685,0.04166666666666666,,,-0.11243239105401018,control
mOFC,baseline,item,19,0.04166666666666663,-0.04166666666666674,,,-0.03558956111008921,control
mOFC,baseline,item,20,-0.25,-0.16666666666666663,,,-0.21143893881643228,control
mOFC,baseline,item,21,0.0,-0.08333333333333337,,,-0.14400556613084053,control
mOFC,baseline,item,23,-0.20833333333333337,-0.04166666666666663,,,-0.06319972882176535,control
mOFC,baseline,item,24,0.29166666666666663,0.20833333333333331,,,0.050678637957942696,control
mOFC,baseline,item,25,-0.125,-0.125,,,-0.11792295504018761,control
mOFC,baseline,item,26,-0.04166666666666663,-0.04166666666666674,,,-0.18962884823192933,control
mOFC,baseline,set,1,,,,,0.061767398710134966,control
mOFC,baseline,set,2,,,,,0.1606925706865795,control
mOFC,baseline,set,3,,,,,-0.18685676555359648,control
mOFC,baseline,set,4,,,,,0.0658240909165339,control
mOFC,baseline,set,5,,,,,0.05493069110805295,control
mOFC,baseline,set,6,,,,,0.007877074242678403,control
mOFC,baseline,set,7,,,,,6.604329680075238e-05,control
mOFC,baseline,set,8,,,,,0.001999525305503215,control
mOFC,baseline,set,9,,,,,-0.10757145661348608,control
mOFC,baseline,set,10,,,,,-0.11486402871051571,control
mOFC,baseline,set,12,,,,,0.016932532439469412,control
mOFC,baseline,set,13,,,,,0.021742894001545554,control
mOFC,baseline,set,14,,,,,0.032268038253221276,control
mOFC,baseline,set,15,,,,,0.002349245849401632,control
mOFC,baseline,set,16,,,,,0.04726403741434154,control
mOFC,baseline,set,17,,,,,0.011945249702050367,control
mOFC,baseline,set,18,,,,,0.014524203413507478,control
mOFC,baseline,set,19,,,,,0.04092305286168757,control
mOFC,baseline,set,20,,,,,-0.13720659107234187,control
mOFC,baseline,set,21,,,,,-0.12226594660202073,control
mOFC,baseline,set,23,,,,,-0.007733978656477982,control
mOFC,baseline,set,24,,,,,0.26836606595061896,control
mOFC,baseline,set,25,,,,,-0.10364776471003742,control
mOFC,baseline,set,26,,,,,-0.04579178061225375,control
mOFC,acquisition,item,1,0.41666666666666674,0.5416666666666666,,,0.06575011983847161,control
mOFC,acquisition,item,2,0.2916666666666667,0.375,,,0.07903075684446766,control
mOFC,acquisition,item,3,0.3333333333333333,0.20833333333333334,,,0.0731934570646701,control
mOFC,acquisition,item,4,0.04166666666666674,-0.20833333333333331,,,0.059887959206811725,control
mOFC,acquisition,item,5,0.25,0.20833333333333326,,,0.07517967176203028,control
mOFC,acquisition,item,6,0.5833333333333334,0.7083333333333333,,,-0.18684781311614165,control
mOFC,acquisition,item,7,0.0,0.0,,,-0.0924103268607768,control
mOFC,acquisition,item,8,0.0,0.33333333333333337,,,-0.07766580273179988,control
mOFC,acquisition,item,9,-0.04166666666666663,0.0,,,0.03006152723454296,control
mOFC,acquisition,item,10,0.20833333333333337,0.5833333333333334,,,0.03605886136559183,control
mOFC,acquisition,item,12,0.375,0.41666666666666663,,,-0.137491648768244,control
mOFC,acquisition,item,13,0.08333333333333326,0.0,,,0.2526341944234224,control
mOFC,acquisition,item,14,0.33333333333333326,0.20833333333333334,,,-0.19538070548321382,control
mOFC,acquisition,item,15,0.5833333333333333,0.625,,,0.2403644627219098,control
mOFC,acquisition,item,16,0.29166666666666663,0.33333333333333337,,,0.06352791993242138,control
mOFC,acquisition,item,17,0.08333333333333337,0.25,,,0.1627541817893799,control
mOFC,acquisition,item,18,0.25,0.08333333333333333,,,-0.1907723280426756,control
mOFC,acquisition,item,19,-0.125,-0.04166666666666663,,,0.24978381825508594,control
mOFC,acquisition,item,20,-0.16666666666666674,-0.08333333333333334,,,-0.06359089666551596,control
mOFC,acquisition,item,21,-0.08333333333333326,-0.25,,,0.03086131724459668,control
mOFC,acquisition,item,23,-0.25,-0.2916666666666667,,,0.0843564059076634,control
mOFC,acquisition,item,24,0.5416666666666667,0.5833333333333334,,,0.28600120706037924,control
mOFC,acquisition,item,25,0.29166666666666663,0.20833333333333337,,,-0.20622651545409568,control
mOFC,acquisition,item,26,0.16666666666666663,0.25,,,0.0010968177451611272,control
mOFC,acquisition,set,1,,,,,0.059025596759988766,control
mOFC,acquisition,set,2,,,,,0.1291629379048413,control
mOFC,acquisition,set,3,,,,,0.012284272877525912,control
mOFC,acquisition,set,4,,,,,-0.013519372373696714,control
mOFC,acquisition,set,5,,,,,0.1244874151789074,control
mOFC,acquisition,set,6,,,,,-0.06856468346591318,control
mOFC,acquisition,set,7,,,,,0.08209209171381335,control
mOFC,acquisition,set,8,,,,,-0.058368601064652414,control
mOFC,acquisition,set,9,,,,,0.028812664847417416,control
mOFC,acquisition,set,10,,,,,0.08786827222978105,control
mOFC,acquisition,set,12,,,,,-0.040764418248719236,control
mOFC,acquisition,set,13,,,,,0.16929640713416885,control
mOFC,acquisition,set,14,,,,,-0.186926131577326,control
mOFC,acquisition,set,15,,,,,0.2817818715445159,control
mOFC,acquisition,set,16,,,,,0.12038330366945077,control
mOFC,acquisition,set,17,,,,,0.15409779989187564,control
mOFC,acquisition,set,18,,,,,-0.14242765041318473,control
mOFC,acquisition,set,19,,,,,0.3150768499936697,control
mOFC,acquisition,set,20,,,,,0.12589362586333713,control
mOFC,acquisition,set,21,,,,,0.08690435771162604,control
mOFC,acquisition,set,23,,,,,0.04836758037670912,control
mOFC,acquisition,set,24,,,,,0.16625401089225694,control
mOFC,acquisition,set,25,,,,,-0.04121736423516179,control
mOFC,acquisition,set,26,,,,,0.05691959097733662,control
mOFC,early_extinction,item,1,0.0,0.0,,,-0.021082310382525976,control
mOFC,early_extinction,item,2,0.5,0.5,,,0.02447121124337255,control
mOFC,early_extinction,item,3,0.5,0.5,,,-0.4436255329795408,control
mOFC,early_extinction,item,4,0.25,0.25,,,0.36945956216479503,control
mOFC,early_extinction,item,5,0.0,0.0,,,0.2703999097036725,control
mOFC,early_extinction,item,6,0.25,0.5,,,0.20579072798418796,control
mOFC,early_extinction,item,7,0.5,0.25,,,0.20687736891751315,control
mOFC,early_extinction,item,8,0.5,0.25,,,-0.04361103831090607,control
mOFC,early_extinction,item,9,0.0,0.0,,,-0.14019496615365531,control
mOFC,early_extinction,item,10,0.5,0.5,,,0.02875377716662908,control
mOFC,early_extinction,item,12,0.25,-0.25,,,0.34938362177635063,control
mOFC,early_extinction,item,13,-0.25,0.0,,,0.24533468928143767,control
mOFC,early_extinction,item,14,-0.25,-0.5,,,0.16508185106521123,control
mOFC,early_extinction,item,15,0.75,0.25,,,0.23375843912356076,control
mOFC,early_extinction,item,16,0.0,0.0,,,0.1638926391466929,control
mOFC,early_extinction,item,17,0.0,-0.25,,,0.833470197065137,control
mOFC,early_extinction,item,18,0.5,0.0,,,-0.551258312069731,control
mOFC,early_extinction,item,19,-0.5,-0.25,,,0.10958553626743128,control
mOFC,early_extinction,item,20,-0.25,-0.25,,,-0.5082741981954516,control
mOFC,early_extinction,item,21,0.0,0.0,,,0.19360927841327902,control
mOFC,early_extinction,item,23,-0.25,-0.25,,,0.012363158586855105,control
mOFC,early_extinction,item,24,-0.25,0.0,,,-0.2381090869654504,control
mOFC,early_extinction,item,25,0.25,0.25,,,0.2131952332095985,control
mOFC,early_extinction,item,26,0.0,0.5,,,0.1371529284928248,control
mOFC,early_extinction,set,1,,,,,-0.21128361967720335,control
mOFC,early_extinction,set,2,,,,,0.23523397271764346,control
mOFC,early_extinction,set,3,,,,,-0.21459659801881545,control
mOFC,early_extinction,set,4,,,,,0.40395666162815697,control
mOFC,early_extinction,set,5,,,,,0.021965377290053115,control
mOFC,early_extinction,set,6,,,,,0.13993693371999041,control
mOFC,early_extinction,set,7,,,,,0.12464187166868522,control
mOFC,early_extinction,set,8,,,,,-0.06026135784522983,control
mOFC,early_extinction,set,9,,,,,0.23184154463022494,control
mOFC,early_extinction,set,10,,,,,0.3784330862940626,control
mOFC,early_extinction,set,12,,,,,0.020331153459078075,control
mOFC,early_extinction,set,13,,,,,0.242214012079221,control
mOFC,early_extinction,set,14,,,,,0.3620389889333009,control
mOFC,early_extinction,set,15,,,,,0.40457231827244666,control
mOFC,early_extinction,set,16,,,,,0.3665137402754285,control
mOFC,early_extinction,set,17,,,,,0.20077076080559433,control
mOFC,early_extinction,set,18,,,,,-0.188021670751043,control
mOFC,early_extinction,set,19,,,,,-0.07326068855923107,control
mOFC,early_extinction,set,20,,,,,-0.19432019460341782,control
mOFC,early_extinction,set,21,,,,,-0.06718949738869012,control
mOFC,early_extinction,set,23,,,,,0.1418911582775751,control
mOFC,early_extinction,set,24,,,,,-0.5425971790498418,control
mOFC,early_extinction,set,25,,,,,-0.027731426531532696,control
mOFC,early_extinction,set,26,,,,,0.38754238889657766,control
mOFC,extinction,item,1,0.09999999999999998,0.04999999999999999,,,0.09856809730946764,control
mOFC,extinction,item,2,0.30000000000000004,0.4,,,0.002408463120996511,control
mOFC,extinction,item,3,0.39999999999999997,0.14999999999999997,,,-0.18973166126255434,control
mOFC,extinction,item,4,0.15000000000000002,0.30000000000000004,,,-0.06782447904579689,control
mOFC,extinction,item,5,-0.04999999999999993,-0.050000000000000044,,,0.03439069800454825,control
mOFC,extinction,item,6,0.44999999999999996,0.5,,,0.22271428883523472,control
mOFC,extinction,item,7,0.09999999999999998,0.19999999999999998,,,-0.0056975265741810305,control
mOFC,extinction,item,8,0.09999999999999998,0.3,,,0.12213024518425063,control
mOFC,extinction,item,9,-0.19999999999999996,-0.3,,,0.1423963138278531,control
mOFC,extinction,item,10,0.19999999999999996,0.25,,,0.5151272721094627,control
mOFC,extinction,item,12,0.29999999999999993,0.09999999999999999,,,-0.10146316217215717,control
mOFC,extinction,item,13,-0.14999999999999997,-0.2,,,0.2734720387729489,control
mOFC,extinction,item,14,0.25,0.05,,,0.25876023758078603,control
mOFC,extinction,item,15,0.20000000000000007,0.05000000000000002,,,0.12501593470281758,control
mOFC,extinction,item,16,0.1499999999999999,0.2,,,0.4017567957478355,control
mOFC,extinction,item,17,0.35,0.5499999999999999,,,0.37412820982265027,control
mOFC,extinction,item,18,0.0,0.0,,,0.05344221456567215,control
mOFC,extinction,item,19,-0.050000000000000044,0.0,,,0.24453450288271106,control
mOFC,extinction,item,20,-0.09999999999999998,-0.15,,,0.06369784168423147,control
mOFC,extinction,item,21,-0.20000000000000007,-0.09999999999999998,,,0.006638592519610267,control
mOFC,extinction,item,23,-0.44999999999999996,-0.25,,,0.123879399623258,control
mOFC,extinction,item,24,0.44999999999999996,0.4,,,0.4006272752113267,control
mOFC,extinction,item,25,0.2,0.1,,,0.049369412003178174,control
mOFC,extinction,item,26,0.1499999999999999,0.19999999999999996,,,0.2073955245521013,control
mOFC,extinction,set,1,,,,,0.04347338458322818,control
mOFC,extinction,set,2,,,,,-0.06028766051668595,control
mOFC,extinction,set,3,,,,,-0.07284576929237281,control
mOFC,extinction,set,4,,,,,-0.10296445899368369,control
mOFC,extinction,set,5,,,,,-0.05123280797159308,control
mOFC,extinction,set,6,,,,,0.10986256908126721,control
mOFC,extinction,set,7,,,,,-0.040093631913144266,control
mOFC,extinction,set,8,,,,,0.0705017331450527,control
mOFC,extinction,set,9,,,,,0.08197667653878528,control
mOFC,extinction,set,10,,,,,0.5908634036923193,control
mOFC,extinction,set,12,,,,,-0.021045220758473877,control
mOFC,extinction,set,13,,,,,0.4631996167181783,control
mOFC,extinction,set,14,,,,,0.11453562775414745,control
mOFC,extinction,set,15,,,,,0.14433489446106587,control
mOFC,extinction,set,16,,,,,0.3383036266655,control
mOFC,extinction,set,17,,,,,0.5786693041375615,control
mOFC,extinction,set,18,,,,,-0.13310214393437772,control
mOFC,extinction,set,19,,,,,0.28596184683435477,control
mOFC,extinction,set,20,,,,,-0.07444682300747173,control
mOFC,extinction,set,21,,,,,0.023891205726701017,control
mOFC,extinction,set,23,,,,,0.10757022627214773,control
mOFC,extinction,set,24,,,,,0.6632127674675891,control
mOFC,extinction,set,25,,,,,0.03849065546086848,control
mOFC,extinction,set,26,,,,,0.08870523904493427,control
dACC,baseline,item,1,0.3333333333333333,0.29166666666666663,,,0.05806760056644679,control
dACC,baseline,item,2,0.25,0.25,,,0.10936007356667539,control
dACC,baseline,item,3,0.20833333333333337,0.041666666666666685,,,0.049371187247817215,control
dACC,baseline,item,4,-0.04166666666666663,0.0,,,-0.032096207788182674,control
dACC,baseline,item,5,0.16666666666666674,0.16666666666666674,,,-0.06959481921960946,control
dACC,baseline,item,6,0.25,0.16666666666666666,,,0.21632954064250975,control
dACC,baseline,item,7,0.08333333333333337,0.12500000000000003,,,0.2095842936083341,control
dACC,baseline,item,8,0.04166666666666663,0.08333333333333337,,,-0.03901024707515341,control
dACC,baseline,item,9,-0.25000000000000006,-0.25,,,-0.06254786443353097,control
dACC,baseline,item,10,-0.04166666666666663,0.0,,,-0.05046487337622241,control
dACC,baseline,item,12,0.08333333333333337,0.08333333333333331,,,-0.07229589857353291,control
dACC,baseline,item,13,-0.125,0.125,,,0.21614010236538791,control
dACC,baseline,item,14,0.125,0.08333333333333331,,,0.013006101741341813,control
dACC,baseline,item,15,0.04166666666666674,0.08333333333333337,,,-0.02548944224953073,control
dACC,baseline,item,16,-0.125,0.16666666666666669,,,0.031050108037236686,control
dACC,baseline,item,17,-0.08333333333333337,0.08333333333333337,,,-0.1024574827003776,control
dACC,baseline,item,18,0.041666666666666685,0.04166666666666666,,,-0.0494786027457188,control
dACC,baseline,item,19,0.04166666666666663,-0.04166666666666674,,,-0.07416300803543552,control
dACC,baseline,item,20,-0.25,-0.16666666666666663,,,-0.010869117763369053,control
dACC,baseline,item,21,0.0,-0.08333333333333337,,,0.1422760669158895,control
dACC,baseline,item,23,-0.20833333333333337,-0.04166666666666663,,,0.10894093313664872,control
dACC,baseline,item,24,0.29166666666666663,0.20833333333333331,,,-0.31086854374089545,control
dACC,baseline,item,25,-0.125,-0.125,,,-0.05786083480737764,control
dACC,baseline,item,26,-0.04166666666666663,-0.04166666666666674,,,0.07646844344697767,control
dACC,baseline,set,1,,,,,0.05153635746299644,control
dACC,baseline,set,2,,,,,-0.07415521566057615,control
dACC,baseline,set,3,,,,,0.018851974339228326,control
dACC,baseline,set,4,,,,,0.02688370464121681,control
dACC,baseline,set,5,,,,,-0.04365147853708694,control
dACC,baseline,set,6,,,,,0.07106923145048578,control
dACC,baseline,set,7,,,,,0.04927474217589768,control
dACC,baseline,set,8,,,,,0.020224832634921225,control
dACC,baseline,set,9,,,,,-0.1012176997620585,control
dACC,baseline,set,10,,,,,0.016092210360968473,control
dACC,baseline,set,12,,,,,-0.08103011252305103,control
dACC,baseline,set,13,,,,,0.06100946384060271,control
dACC,baseline,set,14,,,,,-0.048630124348315484,control
dACC,baseline,set,15,,,,,-0.024539759265862743,control
dACC,baseline,set,16,,,,,0.06126537795674106,control
dACC,baseline,set,17,,,,,-0.04829050238058366,control
dACC,baseline,set,18,,,,,-0.01790975100454334,control
dACC,baseline,set,19,,,,,-0.0690051911542428,control
dACC,baseline,set,20,,,,,0.005191281037300776,control
dACC,baseline,set,21,,,,,0.14111174115536979,control
dACC,baseline,set,23,,,,,0.07258104122907755,control
dACC,baseline,set,24,,,,,-0.2728086776022447,control
dACC,baseline,set,25,,,,,-0.04607771670342813,control
dACC,baseline,set,26,,,,,0.08747368332230795,control
dACC,acquisition,item,1,0.41666666666666674,0.5416666666666666,,,0.11982595150172068,control
dACC,acquisition,item,2,0.2916666666666667,0.375,,,-0.061709646548265745,control
dACC,acquisition,item,3,0.3333333333333333,0.20833333333333334,,,0.19647883965168092,control
dACC,acquisition,item,4,0.04166666666666674,-0.20833333333333331,,,0.11769086943408395,control
dACC,acquisition,item,5,0.25,0.20833333333333326,,,0.5177205323889473,control
dACC,acquisition,item,6,0.5833333333333334,0.7083333333333333,,,-0.026179887265656038,control
dACC,acquisition,item,7,0.0,0.0,,,0.09206577887703782,control
dACC,acquisition,item,8,0.0,0.33333333333333337,,,0.4395907331511695,control
dACC,acquisition,item,9,-0.04166666666666663,0.0,,,0.021275721154138616,control
dACC,acquisition,item,10,0.20833333333333337,0.5833333333333334,,,0.09274403471784085,control
dACC,acquisition,item,12,0.375,0.41666666666666663,,,0.40842907276002793,control
dACC,acquisition,item,13,0.08333333333333326,0.0,,,0.010470616020585966,control
dACC,acquisition,item,14,0.33333333333333326,0.20833333333333334,,,0.28084460141412665,control
dACC,acquisition,item,15,0.5833333333333333,0.625,,,0.409175888037535,control
dACC,acquisition,item,16,0.29166666666666663,0.33333333333333337,,,0.27992297388811244,control
dACC,acquisition,item,17,0.08333333333333337,0.25,,,0.2805697464152355,control
dACC,acquisition,item,18,0.25,0.08333333333333333,,,-0.06964022656335703,control
dACC,acquisition,item,19,-0.125,-0.04166666666666663,,,0.3939467266568947,control
dACC,acquisition,item,20,-0.16666666666666674,-0.08333333333333334,,,0.2519547896618851,control
dACC,acquisition,item,21,-0.08333333333333326,-0.25,,,0.03653066566154757,control
dACC,acquisition,item,23,-0.25,-0.2916666666666667,,,0.05790742750469574,control
dACC,acquisition,item,24,0.5416666666666667,0.5833333333333334,,,0.17338229553128465,control
dACC,acquisition,item,25,0.29166666666666663,0.20833333333333337,,,-0.02311020022273079,control
dACC,acquisition,item,26,0.16666666666666663,0.25,,,0.10782053785406451,control
dACC,acquisition,set,1,,,,,0.31662260751969207,control
dACC,acquisition,set,2,,,,,0.04158264336400183,control
dACC,acquisition,set,3,,,,,0.23014393454127288,control
dACC,acquisition,set,4,,,,,0.022086220291717445,control
dACC,acquisition,set,5,,,,,0.3996016196449858,control
dACC,acquisition,set,6,,,,,0.057468456390144446,control
dACC,acquisition,set,7,,,,,0.15492854697355823,control
dACC,acquisition,set,8,,,,,0.39881301564349847,control
dACC,acquisition,set,9,,,,,-0.013605355477274345,control
dACC,acquisition,set,10,,,,,0.18040861386032345,control
dACC,acquisition,set,12,,,,,0.39461008561080235,control
dACC,acquisition,set,13,,,,,-0.01989913091005191,control
dACC,acquisition,set,14,,,,,0.290101552307705,control
dACC,acquisition,set,15,,,,,0.2805385077579554,control
dACC,acquisition,set,16,,,,,0.2908809700173246,control
dACC,acquisition,set,17,,,,,0.16482078383809348,control
dACC,acquisition,set,18,,,,,-0.019810269630780947,control
dACC,acquisition,set,19,,,,,0.2722288037460836,control
dACC,acquisition,set,20,,,,,0.12879005138297053,control
dACC,acquisition,set,21,,,,,0.02542863551618227,control
dACC,acquisition,set,23,,,,,-0.004147770599355449,control
dACC,acquisition,set,24,,,,,0.13536019672267197,control
dACC,acquisition,set,25,,,,,0.040275524462506124,control
dACC,acquisition,set,26,,,,,0.0017929635645836384,control
dACC,early_extinction,item,1,0.0,0.0,,,-0.24160748884474112,control
dACC,early_extinction,item,2,0.5,0.5,,,0.32457083465431663,control
dACC,early_extinction,item,3,0.5,0.5,,,0.031472778558124616,control
dACC,early_extinction,item,4,0.25,0.25,,,0.3013085354455043,control
dACC,early_extinction,item,5,0.0,0.0,,,0.2877813499193717,control
dACC,early_extinction,item,6,0.25,0.5,,,0.45591814916088613,control
dACC,early_extinction,item,7,0.5,0.25,,,0.10934392786838344,control
dACC,early_extinction,item,8,0.5,0.25,,,0.8270592308045721,control
dACC,early_extinction,item,9,0.0,0.0,,,-0.2391490788614172,control
dACC,early_extinction,item,10,0.5,0.5,,,0.17171559766501013,control
dACC,early_extinction,item,12,0.25,-0.25,,,-0.2074320006648701,control
dACC,early_extinction,item,13,-0.25,0.0,,,-0.08394783394006086,control
dACC,early_extinction,item,14,-0.25,-0.5,,,-0.04376562177527507,control
dACC,early_extinction,item,15,0.75,0.25,,,-0.2181251435265606,control
dACC,early_extinction,item,16,0.0,0.0,,,-0.07502500484321778,control
dACC,early_extinction,item,17,0.0,-0.25,,,0.389104218189033,control
dACC,early_extinction,item,18,0.5,0.0,,,-0.06286114216831369,control
dACC,early_extinction,item,19,-0.5,-0.25,,,0.12110705780280018,control
dACC,early_extinction,item,20,-0.25,-0.25,,,-0.7177314358949417,control
dACC,early_extinction,item,21,0.0,0.0,,,-0.5234418603560835,control
dACC,early_extinction,item,23,-0.25,-0.25,,,-0.0006144736297448161,control
dACC,early_extinction,item,24,-0.25,0.0,,,-0.2349632734415564,control
dACC,early_extinction,item,25,0.25,0.25,,,-0.46972875930119373,control
dACC,early_extinction,item,26,0.0,0.5,,,-0.32992634622810474,control
dACC,early_extinction,set,1,,,,,0.0391359534036409,control
dACC,early_extinction,set,2,,,,,-0.09011917746856539,control
dACC,early_extinction,set,3,,,,,0.1685169045402123,control
dACC,early_extinction,set,4,,,,,0.08265317962349322,control
dACC,early_extinction,set,5,,,,,0.21879522135337295,control
dACC,early_extinction,set,6,,,,,0.05943052214532145,control
dACC,early_extinction,set,7,,,,,0.18142030806494466,control
dACC,early_extinction,set,8,,,,,0.5480760262172657,control
dACC,early_extinction,set,9,,,,,-0.1548544520689595,control
dACC,early_extinction,set,10,,,,,0.5125563676172034,control
dACC,early_extinction,set,12,,,,,-0.2360665426118047,control
dACC,early_extinction,set,13,,,,,0.41477027185972326,control
dACC,early_extinction,set,14,,,,,-0.005132000364890671,control
dACC,early_extinction,set,15,,,,,0.12193213835383998,control
dACC,early_extinction,set,16,,,,,0.1163777958454055,control
dACC,early_extinction,set,17,,,,,0.36056549901262397,control
dACC,early_extinction,set,18,,,,,0.02528551500765934,control
dACC,early_extinction,set,19,,,,,0.03799518554652082,control
dACC,early_extinction,set,20,,,,,-0.5317599114981371,control
dACC,early_extinction,set,21,,,,,-0.2142334655180405,control
dACC,early_extinction,set,23,,,,,-0.037202891483041456,control
dACC,early_extinction,set,24,,,,,0.08511252465690095,control
dACC,early_extinction,set,25,,,,,0.02175506552356976,control
dACC,early_extinction,set,26,,,,,0.15411430958771505,control
dACC,extinction,item,1,0.09999999999999998,0.04999999999999999,,,0.09974297191395073,control
dACC,extinction,item,2,0.30000000000000004,0.4,,,-0.006081194093306458,control
dACC,extinction,item,3,0.39999999999999997,0.14999999999999997,,,0.138901815398739,control
dACC,extinction,item,4,0.15000000000000002,0.30000000000000004,,,-0.031432256428871375,control
dACC,extinction,item,5,-0.04999999999999993,-0.050000000000000044,,,0.012262969601923412,control
dACC,extinction,item,6,0.44999999999999996,0.5,,,0.007449780955250389,control
dACC,extinction,item,7,0.09999999999999998,0.19999999999999998,,,0.257083085476383,control
dACC,extinction,item,8,0.09999999999999998,0.3,,,0.12782889183189683,control
dACC,extinction,item,9,-0.19999999999999996,-0.3,,,0.05656661613026795,control
dACC,extinction,item,10,0.19999999999999996,0.25,,,0.3456701775265036,control
dACC,extinction,item,12,0.29999999999999993,0.09999999999999999,,,0.0975525170879645,control
dACC,extinction,item,13,-0.14999999999999997,-0.2,,,-0.10263188044548005,control
dACC,extinction,item,14,0.25,0.05,,,0.04233134443699729,control
dACC,extinction,item,15,0.20000000000000007,0.05000000000000002,,,-0.023208727192601773,control
dACC,extinction,item,16,0.1499999999999999,0.2,,,0.30529643171610205,control
dACC,extinction,item,17,0.35,0.5499999999999999,,,-0.09220348076615223,control
dACC,extinction,item,18,0.0,0.0,,,0.1505653929583474,control
dACC,extinction,item,19,-0.050000000000000044,0.0,,,-0.03259376181818718,control
dACC,extinction,item,20,-0.09999999999999998,-0.15,,,0.05275470157325984,control
dACC,extinction,item,21,-0.20000000000000007,-0.09999999999999998,,,0.1592281687415144,control
dACC,extinction,item,23,-0.44999999999999996,-0.25,,,0.024983537632273234,control
dACC,extinction,item,24,0.44999999999999996,0.4,,,-0.14068067234131354,control
dACC,extinction,item,25,0.2,0.1,,,0.04711398070602894,control
dACC,extinction,item,26,0.1499999999999999,0.19999999999999996,,,0.0239578944582247,control
dACC,extinction,set,1,,,,,0.08656946089083228,control
dACC,extinction,set,2,,,,,0.0485123328193752,control
dACC,extinction,set,3,,,,,0.1262721307265388,control
dACC,extinction,set,4,,,,,0.04246243174800253,control
dACC,extinction,set,5,,,,,0.23769138328439887,control
dACC,extinction,set,6,,,,,0.04641691799897446,control
dACC,extinction,set,7,,,,,0.004849446634123983,control
dACC,extinction,set,8,,,,,0.1461765896688707,control
dACC,extinction,set,9,,,,,0.11302592336920571,control
dACC,extinction,set,10,,,,,0.24647754259379612,control
dACC,extinction,set,12,,,,,-0.004148891641354291,control
dACC,extinction,set,13,,,,,-0.11334230606384565,control
dACC,extinction,set,14,,,,,-0.08753435717474535,control
dACC,extinction,set,15,,,,,0.054404743834564465,control
dACC,extinction,set,16,,,,,0.28737086761885616,control
dACC,extinction,set,17,,,,,0.06089841098004964,control
dACC,extinction,set,18,,,,,0.0011783476514987332,control
dACC,extinction,set,19,,,,,0.0025793679365859745,control
dACC,extinction,set,20,,,,,-0.16298505489190152,control
dACC,extinction,set,21,,,,,0.1032835582403922,control
dACC,extinction,set,23,,,,,0.014274592400736946,control
dACC,extinction,set,24,,,,,0.013432604076527382,control
dACC,extinction,set,25,,,,,-0.06223070075906442,control
dACC,extinction,set,26,,,,,-0.005556412914549426,control
mOFC,baseline,item,101,0.375,0.29166666666666663,,,0.008153852611860524,ptsd
mOFC,baseline,item,102,0.125,0.04166666666666674,,,-0.06549657580227455,ptsd
mOFC,baseline,item,103,-0.08333333333333326,0.0,,,-0.0960326072408133,ptsd
mOFC,baseline,item,104,0.20833333333333337,0.20833333333333331,,,-0.11760157476038977,ptsd
mOFC,baseline,item,105,0.0,0.16666666666666663,,,0.041360646194652684,ptsd
mOFC,baseline,item,106,-0.04166666666666663,0.08333333333333331,,,-0.17175466120622457,ptsd
mOFC,baseline,item,107,-0.125,-0.04166666666666663,,,0.35961145154679997,ptsd
mOFC,baseline,item,108,0.0,0.20833333333333337,,,0.18797814073985622,ptsd
mOFC,baseline,item,109,0.125,0.125,,,-0.04171199250697469,ptsd
mOFC,baseline,item,110,0.125,0.25000000000000006,,,0.07882566165817993,ptsd
mOFC,baseline,item,111,0.20833333333333337,0.33333333333333326,,,0.05745275610740373,ptsd
mOFC,baseline,item,112,0.08333333333333326,0.08333333333333331,,,-0.05173010908415329,ptsd
mOFC,baseline,item,113,-0.125,0.04166666666666663,,,-0.10157570893816228,ptsd
mOFC,baseline,item,114,0.33333333333333326,0.16666666666666669,,,-0.22016951973871132,ptsd
mOFC,baseline,item,115,-0.25,-0.125,,,0.04432281356580476,ptsd
mOFC,baseline,item,116,0.04166666666666663,0.041666666666666685,,,0.03541147490247745,ptsd
mOFC,baseline,item,117,-0.20833333333333326,-0.20833333333333331,,,0.005012723122183815,ptsd
mOFC,baseline,item,118,0.37499999999999994,0.3333333333333333,,,0.026859942511782652,ptsd
mOFC,baseline,item,120,0.20833333333333326,0.16666666666666674,,,0.12255970567355595,ptsd
mOFC,baseline,item,121,-0.04166666666666674,-0.08333333333333331,,,0.0018676390617532457,ptsd
mOFC,baseline,item,122,0.29166666666666663,0.37500000000000006,,,-0.1018828787500936,ptsd
mOFC,baseline,item,123,-0.125,-0.04166666666666674,,,-0.14034429706631085,ptsd
mOFC,baseline,item,124,-0.16666666666666674,-0.16666666666666663,,,0.1077053504494497,ptsd
mOFC,baseline,item,125,-0.125,-0.16666666666666663,,,0.13087531374011502,ptsd
mOFC,baseline,set,101,,,,,-0.010258954123985059,ptsd
mOFC,baseline,set,102,,,,,-0.04674451505431261,ptsd
mOFC,baseline,set,103,,,,,-0.12969448797523347,ptsd
mOFC,baseline,set,104,,,,,-0.1508687426977391,ptsd
mOFC,baseline,set,105,,,,,0.17978128699976859,ptsd
mOFC,baseline,set,106,,,,,-0.26560655375482645,ptsd
mOFC,baseline,set,107,,,,,0.15450369366735106,ptsd
mOFC,baseline,set,108,,,,,0.04214337872705065,ptsd
mOFC,baseline,set,109,,,,,-0.04757340527722553,ptsd
mOFC,baseline,set,110,,,,,0.05340673791029576,ptsd
mOFC,baseline,set,111,,,,,0.044388167713856036,ptsd
mOFC,baseline,set,112,,,,,-0.00846678764052533,ptsd
mOFC,baseline,set,113,,,,,-0.007135986787706428,ptsd
mOFC,baseline,set,114,,,,,-0.1133659648699082,ptsd
mOFC,baseline,set,115,,,,,-0.04733619031214661,ptsd
mOFC,baseline,set,116,,,,,0.07141982812450931,ptsd
mOFC,baseline,set,117,,,,,-0.014271109774982499,ptsd
mOFC,baseline,set,118,,,,,-0.0024228706871122817,ptsd
mOFC,baseline,set,120,,,,,0.07460335932158225,ptsd
mOFC,baseline,set,121,,,,,-0.04002274555804715,ptsd
mOFC,baseline,set,122,,,,,-0.0665911208148133,ptsd
mOFC,baseline,set,123,,,,,-0.020678240012639904,ptsd
mOFC,baseline,set,124,,,,,0.05842709964197906,ptsd
mOFC,baseline,set,125,,,,,0.015665541068802996,ptsd
mOFC,acquisition,item,101,0.4583333333333333,0.5,,,-0.11934512710552522,ptsd
mOFC,acquisition,item,102,0.0,0.0,,,-0.1479412842049496,ptsd
mOFC,acquisition,item,103,0.08333333333333337,0.125,,,0.08419974470089078,ptsd
mOFC,acquisition,item,104,0.20833333333333337,0.125,,,-0.11758001761034557,ptsd
mOFC,acquisition,item,105,0.125,0.16666666666666669,,,0.07734111888118217,ptsd
mOFC,acquisition,item,106,0.5416666666666667,0.20833333333333331,,,0.23645650279532812,ptsd
mOFC,acquisition,item,107,0.0,0.04166666666666663,,,-0.050440713111876576,ptsd
mOFC,acquisition,item,108,0.0,0.25,,,-0.07351733180188902,ptsd
mOFC,acquisition,item,109,0.08333333333333326,0.125,,,-0.10801515295571397,ptsd
mOFC,acquisition,item,110,0.0,0.04166666666666663,,,0.07048657982198053,ptsd
mOFC,acquisition,item,111,0.16666666666666663,0.20833333333333326,,,0.05197311742717761,ptsd
mOFC,acquisition,item,112,0.25,0.20833333333333334,,,0.19989222078619945,ptsd
mOFC,acquisition,item,113,0.04166666666666663,0.125,,,0.28652690070594294,ptsd
mOFC,acquisition,item,114,0.41666666666666674,0.37500000000000006,,,-0.07658732101672919,ptsd
mOFC,acquisition,item,115,0.25,0.625,,,0.0661385490044852,ptsd
mOFC,acquisition,item,116,0.33333333333333337,0.125,,,-0.03577439119940872,ptsd
mOFC,acquisition,item,117,0.0,-0.04166666666666663,,,0.09743923579066843,ptsd
mOFC,acquisition,item,118,0.08333333333333337,0.16666666666666669,,,0.05801579666808161,ptsd
mOFC,acquisition,item,120,0.08333333333333337,0.2916666666666667,,,-0.2216661770601016,ptsd
mOFC,acquisition,item,121,0.04166666666666674,0.04166666666666674,,,0.06255719237734159,ptsd
mOFC,acquisition,item,122,0.41666666666666674,0.5,,,0.4165096170050041,ptsd
mOFC,acquisition,item,123,0.29166666666666674,0.33333333333333326,,,0.2809056456365441,ptsd
mOFC,acquisition,item,124,-0.20833333333333331,-0.20833333333333331,,,-0.2725468727796672,ptsd
mOFC,acquisition,item,125,-0.25,-0.16666666666666663,,,0.04108423212534884,ptsd
mOFC,acquisition,set,101,,,,,-0.12308492552062064,ptsd
mOFC,acquisition,set,102,,,,,-0.0794715697778039,ptsd
mOFC,acquisition,set,103,,,,,0.05842899310499938,ptsd
mOFC,acquisition,set,104,,,,,-0.06494612575467806,ptsd
mOFC,acquisition,set,105,,,,,0.1299129806698528,ptsd
mOFC,acquisition,set,106,,,,,0.19620756345072554,ptsd
mOFC,acquisition,set,107,,,,,-0.03392091055405422,ptsd
mOFC,acquisition,set,108,,,,,0.06676269500825868,ptsd
mOFC,acquisition,set,109,,,,,-0.020426412474756947,ptsd
mOFC,acquisition,set,110,,,,,0.08029773337576686,ptsd
mOFC,acquisition,set,111,,,,,0.06948209900568568,ptsd
mOFC,acquisition,set,112,,,,,0.1837725229282099,ptsd
mOFC,acquisition,set,113,,,,,0.2840225376899563,ptsd
mOFC,acquisition,set,114,,,,,0.03866475501301096,ptsd
mOFC,acquisition,set,115,,,,,0.04303429553732471,ptsd
mOFC,acquisition,set,116,,,,,-0.08117197042963736,ptsd
mOFC,acquisition,set,117,,,,,0.10531878736219583,ptsd
mOFC,acquisition,set,118,,,,,0.10877514710077506,ptsd
mOFC,acquisition,set,120,,,,,-0.16396736246908514,ptsd
mOFC,acquisition,set,121,,,,,0.07365290718120299,ptsd
mOFC,acquisition,set,122,,,,,0.4482237570761115,ptsd
mOFC,acquisition,set,123,,,,,0.24795944742994158,ptsd
mOFC,acquisition,set,124,,,,,-0.18998494558655263,ptsd
mOFC,acquisition,set,125,,,,,0.08103931301210832,ptsd
mOFC,early_extinction,item,101,0.25,0.25,,,0.5194800948226428,ptsd
mOFC,early_extinction,item,102,0.25,0.75,,,-0.2626705496106594,ptsd
mOFC,early_extinction,item,103,-0.25,-0.25,,,0.290669883604142,ptsd
mOFC,early_extinction,item,104,0.25,-0.25,,,0.4612870565367929,ptsd
mOFC,early_extinction,item,105,0.0,-0.75,,,0.0077697250597043785,ptsd
mOFC,early_extinction,item,106,0.5,0.0,,,0.019069988639063423,ptsd
mOFC,early_extinction,item,107,-0.5,-0.25,,,0.13915013619349,ptsd
mOFC,early_extinction,item,108,-0.25,-0.25,,,-0.07347444095459138,ptsd
mOFC,early_extinction,item,109,0.5,0.5,,,0.2682900334414038,ptsd
mOFC,early_extinction,item,110,0.0,-0.25,,,-0.0876431420685311,ptsd
mOFC,early_extinction,item,111,0.0,0.75,,,-0.1824833811889516,ptsd
mOFC,early_extinction,item,112,0.25,0.0,,,-0.010543399384079291,ptsd
mOFC,early_extinction,item,113,0.5,0.25,,,0.14716010849784672,ptsd
mOFC,early_extinction,item,114,1.0,1.0,,,0.039379833932942365,ptsd
mOFC,early_extinction,item,115,0.0,0.5,,,0.0163236383652125,ptsd
mOFC,early_extinction,item,116,0.5,0.0,,,-0.4274476201079026,ptsd
mOFC,early_extinction,item,117,-0.5,-0.25,,,0.10638164209235781,ptsd
mOFC,early_extinction,item,118,0.25,0.25,,,0.21195358728780367,ptsd
mOFC,early_extinction,item,120,0.0,0.5,,,-0.1892372508173146,ptsd
mOFC,early_extinction,item,121,0.25,0.0,,,0.4818356931580671,ptsd
mOFC,early_extinction,item,122,0.25,0.75,,,-0.07083598549221837,ptsd
mOFC,early_extinction,item,123,0.25,-0.25,,,-0.5765246527920908,ptsd
mOFC,early_extinction,item,124,-0.25,0.0,,,-0.0349691852750309,ptsd
mOFC,early_extinction,item,125,0.0,0.0,,,-0.12059539315053402,ptsd
mOFC,early_extinction,set,101,,,,,0.2967538362751625,ptsd
mOFC,early_extinction,set,102,,,,,0.022934563520182864,ptsd
mOFC,early_extinction,set,103,,,,,0.09457957605685643,ptsd
mOFC,early_extinction,set,104,,,,,0.14476019273690088,ptsd
mOFC,early_extinction,set,105,,,,,-0.047500641749895205,ptsd
mOFC,early_extinction,set,106,,,,,0.05530981698518435,ptsd
mOFC,early_extinction,set,107,,,,,-0.07932949089290614,ptsd
mOFC,early_extinction,set,108,,,,,-0.10707371526764944,ptsd
mOFC,early_extinction,set,109,,,,,0.02622944657767509,ptsd
mOFC,early_extinction,set,110,,,,,0.017878316634624407,ptsd
mOFC,early_extinction,set,111,,,,,0.05876049882403715,ptsd
mOFC,early_extinction,set,112,,,,,0.2514907739203488,ptsd
mOFC,early_extinction,set,113,,,,,0.3429114432221014,ptsd
mOFC,early_extinction,set,114,,,,,0.02199748201418357,ptsd
mOFC,early_extinction,set,115,,,,,-0.024516519328176417,ptsd
mOFC,early_extinction,set,116,,,,,-0.0783871331563723,ptsd
mOFC,early_extinction,set,117,,,,,0.25748898589793334,ptsd
mOFC,early_extinction,set,118,,,,,0.15330380986199726,ptsd
mOFC,early_extinction,set,120,,,,,-0.16180006432308106,ptsd
mOFC,early_extinction,set,121,,,,,0.04780861571268796,ptsd
mOFC,early_extinction,set,122,,,,,-0.057904245796875004,ptsd
mOFC,early_extinction,set,123,,,,,-0.6248070316205291,ptsd
mOFC,early_extinction,set,124,,,,,-0.025439287449915082,ptsd
mOFC,early_extinction,set,125,,,,,-0.3071261558760386,ptsd
mOFC,extinction,item,101,0.15000000000000002,0.25,,,0.27563575050397304,ptsd
mOFC,extinction,item,102,0.050000000000000044,-0.25,,,0.03901316212710847,ptsd
mOFC,extinction,item,103,-0.25,-0.3,,,0.1338725267391441,ptsd
mOFC,extinction,item,104,-0.050000000000000044,0.15000000000000002,,,0.19746707944300793,ptsd
mOFC,extinction,item,105,0.09999999999999998,0.14999999999999997,,,-0.11331168339475804,ptsd
mOFC,extinction,item,106,0.09999999999999998,0.2,,,-0.15478079288080854,ptsd
mOFC,extinction,item,107,-0.050000000000000044,-0.050000000000000044,,,-0.019618356615446288,ptsd
mOFC,extinction,item,108,-0.050000000000000044,-0.09999999999999998,,,0.22126102472226888,ptsd
mOFC,extinction,item,109,-0.19999999999999996,-0.050000000000000044,,,0.016658486542206488,ptsd
mOFC,extinction,item,110,0.29999999999999993,0.2,,,-0.036045586580924875,ptsd
mOFC,extinction,item,111,0.09999999999999998,0.15000000000000002,,,-0.013429501348868084,ptsd
mOFC,extinction,item,112,-0.14999999999999997,0.1,,,0.2556769678813952,ptsd
mOFC,extinction,item,113,0.19999999999999996,0.15,,,0.1180351138632588,ptsd
mOFC,extinction,item,114,0.7,0.35000000000000003,,,-0.02675473581077556,ptsd
mOFC,extinction,item,115,-0.04999999999999993,0.0,,,-0.0874162081851808,ptsd
mOFC,extinction,item,116,0.15000000000000002,0.0,,,0.014663021999727271,ptsd
mOFC,extinction,item,117,-0.35000000000000003,-0.14999999999999997,,,0.2292144203270101,ptsd
mOFC,extinction,item,118,0.15000000000000002,0.15,,,0.11982856944752315,ptsd
mOFC,extinction,item,120,-0.050000000000000044,-0.04999999999999999,,,-0.007863736444018152,ptsd
mOFC,extinction,item,121,0.19999999999999996,0.19999999999999996,,,-0.1192375243087147,ptsd
mOFC,extinction,item,122,0.35,0.44999999999999996,,,-0.1100990221347114,ptsd
mOFC,extinction,item,123,0.09999999999999998,0.25,,,0.041938615467395746,ptsd
mOFC,extinction,item,124,-0.10000000000000003,0.0,,,-0.05260106606123639,ptsd
mOFC,extinction,item,125,-0.25,-0.15000000000000002,,,-0.17325809040658602,ptsd
mOFC,extinction,set,101,,,,,0.20146311762546068,ptsd
mOFC,extinction,set,102,,,,,0.00643892056174937,ptsd
mOFC,extinction,set,103,,,,,0.03816387872288281,ptsd
mOFC,extinction,set,104,,,,,0.1547554746728307,ptsd
mOFC,extinction,set,105,,,,,-0.04765269555265962,ptsd
mOFC,extinction,set,106,,,,,-0.1261946575176287,ptsd
mOFC,extinction,set,107,,,,,-0.0317655644474053,ptsd
mOFC,extinction,set,108,,,,,0.08557163099562737,ptsd
mOFC,extinction,set,109,,,,,-0.01799611179093094,ptsd
mOFC,extinction,set,110,,,,,-0.021613375257696195,ptsd
mOFC,extinction,set,111,,,,,-0.042957540601834626,ptsd
mOFC,extinction,set,112,,,,,0.25404287411167015,ptsd
mOFC,extinction,set,113,,,,,0.161162190374811,ptsd
mOFC,extinction,set,114,,,,,-0.0064641048851993566,ptsd
mOFC,extinction,set,115,,,,,0.0782107601042403,ptsd
mOFC,extinction,set,116,,,,,-0.029867325792324415,ptsd
mOFC,extinction,set,117,,,,,0.176051508714844,ptsd
mOFC,extinction,set,118,,,,,0.009625068048373361,ptsd
mOFC,extinction,set,120,,,,,-0.024675548799305794,ptsd
mOFC,extinction,set,121,,,,,0.0003230776109882094,ptsd
mOFC,extinction,set,122,,,,,-0.1544691057184064,ptsd
mOFC,extinction,set,123,,,,,0.050172179405506306,ptsd
mOFC,extinction,set,124,,,,,0.11833785637366522,ptsd
mOFC,extinction,set,125,,,,,-0.14883486976449842,ptsd
dACC,baseline,item,101,0.375,0.29166666666666663,,,0.010422030829660138,ptsd
dACC,baseline,item,102,0.125,0.04166666666666674,,,0.1865126953759158,ptsd
dACC,baseline,item,103,-0.08333333333333326,0.0,,,-0.08998956431091884,ptsd
dACC,baseline,item,104,0.20833333333333337,0.20833333333333331,,,0.03826072878704335,ptsd
dACC,baseline,item,105,0.0,0.16666666666666663,,,0.003898186138329436,ptsd
dACC,baseline,item,106,-0.04166666666666663,0.08333333333333331,,,-0.0198575974297834,ptsd
dACC,baseline,item,107,-0.125,-0.04166666666666663,,,0.33171681526136304,ptsd
dACC,baseline,item,108,0.0,0.20833333333333337,,,-0.014148206626310694,ptsd
dACC,baseline,item,109,0.125,0.125,,,-0.04538250756158501,ptsd
dACC,baseline,item,110,0.125,0.25000000000000006,,,0.021250165886252323,ptsd
dACC,baseline,item,111,0.20833333333333337,0.33333333333333326,,,0.12158670131360991,ptsd
dACC,baseline,item,112,0.08333333333333326,0.08333333333333331,,,0.03047020701924373,ptsd
dACC,baseline,item,113,-0.125,0.04166666666666663,,,0.08764459689430508,ptsd
dACC,baseline,item,114,0.33333333333333326,0.16666666666666669,,,-0.07159879195853319,ptsd
dACC,baseline,item,115,-0.25,-0.125,,,-0.06172639403270463,ptsd
dACC,baseline,item,116,0.04166666666666663,0.041666666666666685,,,0.1870385225657039,ptsd
dACC,baseline,item,117,-0.20833333333333326,-0.20833333333333331,,,-0.1314582421373298,ptsd
dACC,baseline,item,118,0.37499999999999994,0.3333333333333333,,,0.014919886913486963,ptsd
dACC,baseline,item,120,0.20833333333333326,0.16666666666666674,,,0.028543480479510764,ptsd
dACC,baseline,item,121,-0.04166666666666674,-0.08333333333333331,,,-0.10298781302820081,ptsd
dACC,baseline,item,122,0.29166666666666663,0.37500000000000006,,,0.0721748480913087,ptsd
dACC,baseline,item,123,-0.125,-0.04166666666666674,,,0.15574842582027806,ptsd
dACC,baseline,item,124,-0.16666666666666674,-0.16666666666666663,,,-0.25352328312132477,ptsd
dACC,baseline,item,125,-0.125,-0.16666666666666663,,,-0.1359680753308023,ptsd
dACC,baseline,set,101,,,,,0.024569567482557765,ptsd
dACC,baseline,set,102,,,,,-0.024082241597483154,ptsd
dACC,baseline,set,103,,,,,-0.0657449287849454,ptsd
dACC,baseline,set,104,,,,,0.04396751496212002,ptsd
dACC,baseline,set,105,,,,,-0.038904279187592726,ptsd
dACC,baseline,set,106,,,,,-0.01853678002186023,ptsd
dACC,baseline,set,107,,,,,0.2918008145544925,ptsd
dACC,baseline,set,108,,,,,-0.037545857250331716,ptsd
dACC,baseline,set,109,,,,,-0.03213591287125464,ptsd
dACC,baseline,set,110,,,,,0.01660056820056989,ptsd
dACC,baseline,set,111,,,,,0.025981197827559994,ptsd
dACC,baseline,set,112,,,,,0.11875993690372794,ptsd
dACC,baseline,set,113,,,,,0.0555006757943113,ptsd
dACC,baseline,set,114,,,,,0.0028760561261869447,ptsd
dACC,baseline,set,115,,,,,-0.06484851533971235,ptsd
dACC,baseline,set,116,,,,,0.017638647008889036,ptsd
dACC,baseline,set,117,,,,,-0.15072344131087945,ptsd
dACC,baseline,set,118,,,,,-0.052744981084979214,ptsd
dACC,baseline,set,120,,,,,-0.028544442066252864,ptsd
dACC,baseline,set,121,,,,,-0.04390007723480577,ptsd
dACC,baseline,set,122,,,,,0.23557732869457604,ptsd
dACC,baseline,set,123,,,,,0.10600984722826985,ptsd
dACC,baseline,set,124,,,,,-0.1896425874433374,ptsd
dACC,baseline,set,125,,,,,-0.1494790085231632,ptsd
dACC,acquisition,item,101,0.4583333333333333,0.5,,,0.04999248042915154,ptsd
dACC,acquisition,item,102,0.0,0.0,,,0.10654676776614551,ptsd
dACC,acquisition,item,103,0.08333333333333337,0.125,,,-0.06905681542082046,ptsd
dACC,acquisition,item,104,0.20833333333333337,0.125,,,0.02735194755669873,ptsd
dACC,acquisition,item,105,0.125,0.16666666666666669,,,0.26949286730981376,ptsd
dACC,acquisition,item,106,0.5416666666666667,0.20833333333333331,,,0.13252397794550147,ptsd
dACC,acquisition,item,107,0.0,0.04166666666666663,,,0.19073920382436121,ptsd
dACC,acquisition,item,108,0.0,0.25,,,-0.024926346722386982,ptsd
dACC,acquisition,item,109,0.08333333333333326,0.125,,,0.1433335061305652,ptsd
dACC,acquisition,item,110,0.0,0.04166666666666663,,,-0.072087622677033,ptsd
dACC,acquisition,item,111,0.16666666666666663,0.20833333333333326,,,0.10633110721105904,ptsd
dACC,acquisition,item,112,0.25,0.20833333333333334,,,0.2412431446876544,ptsd
dACC,acquisition,item,113,0.04166666666666663,0.125,,,0.6741234412695531,ptsd
dACC,acquisition,item,114,0.41666666666666674,0.37500000000000006,,,0.0348160699204878,ptsd
dACC,acquisition,item,115,0.25,0.625,,,0.08469606331397975,ptsd
dACC,acquisition,item,116,0.33333333333333337,0.125,,,0.06337251850992537,ptsd
dACC,acquisition,item,117,0.0,-0.04166666666666663,,,0.4352982413522252,ptsd
dACC,acquisition,item,118,0.08333333333333337,0.16666666666666669,,,0.22344103730499576,ptsd
dACC,acquisition,item,120,0.08333333333333337,0.2916666666666667,,,-0.11744475000935262,ptsd
dACC,acquisition,item,121,0.04166666666666674,0.04166666666666674,,,-0.03426596450084439,ptsd
dACC,acquisition,item,122,0.41666666666666674,0.5,,,0.13083080404560604,ptsd
dACC,acquisition,item,123,0.29166666666666674,0.33333333333333326,,,0.08618902594722076,ptsd
dACC,acquisition,item,124,-0.20833333333333331,-0.20833333333333331,,,0.04464931670232214,ptsd
dACC,acquisition,item,125,-0.25,-0.16666666666666663,,,0.017828684897855385,ptsd
dACC,acquisition,set,101,,,,,0.1266550844040164,ptsd
dACC,acquisition,set,102,,,,,0.09059381915552898,ptsd
dACC,acquisition,set,103,,,,,-0.20937947242998484,ptsd
dACC,acquisition,set,104,,,,,0.09438526740967774,ptsd
dACC,acquisition,set,105,,,,,0.36764980416106025,ptsd
dACC,acquisition,set,106,,,,,0.1215709127618258,ptsd
dACC,acquisition,set,107,,,,,0.17677770597753284,ptsd
dACC,acquisition,set,108,,,,,0.042005593565986966,ptsd
dACC,acquisition,set,109,,,,,0.06949896361139986,ptsd
dACC,acquisition,set,110,,,,,-0.06730837766069721,ptsd
dACC,acquisition,set,111,,,,,-0.03143004347209899,ptsd
dACC,acquisition,set,112,,,,,0.30913667435127756,ptsd
dACC,acquisition,set,113,,,,,0.6232481360134042,ptsd
dACC,acquisition,set,114,,,,,0.11137828921241645,ptsd
dACC,acquisition,set,115,,,,,0.0633168331531047,ptsd
dACC,acquisition,set,116,,,,,0.02759032141150075,ptsd
dACC,acquisition,set,117,,,,,0.3728006262904983,ptsd
dACC,acquisition,set,118,,,,,0.25069034600491696,ptsd
dACC,acquisition,set,120,,,,,0.05774964084210792,ptsd
dACC,acquisition,set,121,,,,,0.03758127620702052,ptsd
dACC,acquisition,set,122,,,,,0.19238261161337095,ptsd
dACC,acquisition,set,123,,,,,0.0786910880837723,ptsd
dACC,acquisition,set,124,,,,,0.0108396065156742,ptsd
dACC,acquisition,set,125,,,,,-0.04035234357579082,ptsd
dACC,early_extinction,item,101,0.25,0.25,,,0.3484788536704748,ptsd
dACC,early_extinction,item,102,0.25,0.75,,,0.033418230009961136,ptsd
dACC,early_extinction,item,103,-0.25,-0.25,,,0.28344472370642704,ptsd
dACC,early_extinction,item,104,0.25,-0.25,,,-0.16051941036444795,ptsd
dACC,early_extinction,item,105,0.0,-0.75,,,-0.09435547047188797,ptsd
dACC,early_extinction,item,106,0.5,0.0,,,0.08339616957813846,ptsd
dACC,early_extinction,item,107,-0.5,-0.25,,,0.04730170247104573,ptsd
dACC,early_extinction,item,108,-0.25,-0.25,,,-0.07690829371356725,ptsd
dACC,early_extinction,item,109,0.5,0.5,,,0.33898984775953045,ptsd
dACC,early_extinction,item,110,0.0,-0.25,,,0.15806668136336324,ptsd
dACC,early_extinction,item,111,0.0,0.75,,,0.025493429779315166,ptsd
dACC,early_extinction,item,112,0.25,0.0,,,0.19327228648998973,ptsd
dACC,early_extinction,item,113,0.5,0.25,,,0.3748706249838689,ptsd
dACC,early_extinction,item,114,1.0,1.0,,,0.1581063622289614,ptsd
dACC,early_extinction,item,115,0.0,0.5,,,0.18529095545592933,ptsd
dACC,early_extinction,item,116,0.5,0.0,,,-0.04802938955959862,ptsd
dACC,early_extinction,item,117,-0.5,-0.25,,,0.13917128661483041,ptsd
dACC,early_extinction,item,118,0.25,0.25,,,0.24718340688197774,ptsd
dACC,early_extinction,item,120,0.0,0.5,,,-0.01121055657421452,ptsd
dACC,early_extinction,item,121,0.25,0.0,,,0.0033913926933648586,ptsd
dACC,early_extinction,item,122,0.25,0.75,,,0.2395743003193374,ptsd
dACC,early_extinction,item,123,0.25,-0.25,,,0.16247617417876473,ptsd
dACC,early_extinction,item,124,-0.25,0.0,,,-0.38644507044883997,ptsd
dACC,early_extinction,item,125,0.0,0.0,,,-0.08779672858397117,ptsd
dACC,early_extinction,set,101,,,,,0.3468637938085243,ptsd
dACC,early_extinction,set,102,,,,,-0.0542560481172858,ptsd
dACC,early_extinction,set,103,,,,,0.25557849241417,ptsd
dACC,early_extinction,set,104,,,,,-0.007033681960891193,ptsd
dACC,early_extinction,set,105,,,,,-0.18662348140610463,ptsd
dACC,early_extinction,set,106,,,,,0.05095929835037627,ptsd
dACC,early_extinction,set,107,,,,,0.06841208986377156,ptsd
dACC,early_extinction,set,108,,,,,-0.17598888457343212,ptsd
dACC,early_extinction,set,109,,,,,0.0642554283551049,ptsd
dACC,early_extinction,set,110,,,,,0.2552980258288711,ptsd
dACC,early_extinction,set,111,,,,,0.09140625235984838,ptsd
dACC,early_extinction,set,112,,,,,0.3546515648077348,ptsd
dACC,early_extinction,set,113,,,,,0.5551249024352208,ptsd
dACC,early_extinction,set,114,,,,,0.13720851881024693,ptsd
dACC,early_extinction,set,115,,,,,0.005864626292722707,ptsd
dACC,early_extinction,set,116,,,,,-0.17185675092993533,ptsd
dACC,early_extinction,set,117,,,,,0.3038938409312938,ptsd
dACC,early_extinction,set,118,,,,,0.14292715280403542,ptsd
dACC,early_extinction,set,120,,,,,-0.08873631050261391,ptsd
dACC,early_extinction,set,121,,,,,0.2987359305089663,ptsd
dACC,early_extinction,set,122,,,,,0.5143323489314684,ptsd
dACC,early_extinction,set,123,,,,,0.10632268121000187,ptsd
dACC,early_extinction,set,124,,,,,0.016819415803603965,ptsd
dACC,early_extinction,set,125,,,,,-0.17306270003645113,ptsd
dACC,extinction,item,101,0.15000000000000002,0.25,,,0.11757482171361111,ptsd
dACC,extinction,item,102,0.050000000000000044,-0.25,,,-0.012170499304439121,ptsd
dACC,extinction,item,103,-0.25,-0.3,,,0.2963778843197508,ptsd
dACC,extinction,item,104,-0.050000000000000044,0.15000000000000002,,,-0.11752223456519016,ptsd
dACC,extinction,item,105,0.09999999999999998,0.14999999999999997,,,-0.03379745569354767,ptsd
dACC,extinction,item,106,0.09999999999999998,0.2,,,-0.19896783451973063,ptsd
dACC,extinction,item,107,-0.050000000000000044,-0.050000000000000044,,,0.01589800845580508,ptsd
dACC,extinction,item,108,-0.050000000000000044,-0.09999999999999998,,,-0.02894579733858524,ptsd
dACC,extinction,item,109,-0.19999999999999996,-0.050000000000000044,,,0.09451399356911679,ptsd
dACC,extinction,item,110,0.29999999999999993,0.2,,,0.2991834920207461,ptsd
dACC,extinction,item,111,0.09999999999999998,0.15000000000000002,,,0.1041647728613858,ptsd
dACC,extinction,item,112,-0.14999999999999997,0.1,,,-0.04596091950949732,ptsd
dACC,extinction,item,113,0.19999999999999996,0.15,,,0.30595717017328206,ptsd
dACC,extinction,item,114,0.7,0.35000000000000003,,,0.10472257004189706,ptsd
dACC,extinction,item,115,-0.04999999999999993,0.0,,,-0.1414974602627524,ptsd
dACC,extinction,item,116,0.15000000000000002,0.0,,,-0.15939929183784235,ptsd
dACC,extinction,item,117,-0.35000000000000003,-0.14999999999999997,,,0.1772197438589419,ptsd
dACC,extinction,item,118,0.15000000000000002,0.15,,,0.014580606977500077,ptsd
dACC,extinction,item,120,-0.050000000000000044,-0.04999999999999999,,,-0.029121097277322372,ptsd
dACC,extinction,item,121,0.19999999999999996,0.19999999999999996,,,0.24722340551939992,ptsd
dACC,extinction,item,122,0.35,0.44999999999999996,,,0.20868950509649858,ptsd
dACC,extinction,item,123,0.09999999999999998,0.25,,,-0.061543594245889094,ptsd
dACC,extinction,item,124,-0.10000000000000003,0.0,,,-0.007972424771778647,ptsd
dACC,extinction,item,125,-0.25,-0.15000000000000002,,,-0.02277473897687643,ptsd
dACC,extinction,set,101,,,,,0.13019710207628155,ptsd
dACC,extinction,set,102,,,,,0.030816929134277304,ptsd
dACC,extinction,set,103,,,,,0.1907214839403205,ptsd
dACC,extinction,set,104,,,,,-0.01089278282847167,ptsd
dACC,extinction,set,105,,,,,0.008524146608932776,ptsd
dACC,extinction,set,106,,,,,-0.13360550349543926,ptsd
dACC,extinction,set,107,,,,,-0.10774739321522254,ptsd
dACC,extinction,set,108,,,,,0.08290752194307563,ptsd
dACC,extinction,set,109,,,,,0.06060689568565789,ptsd
dACC,extinction,set,110,,,,,0.17232248742815637,ptsd
dACC,extinction,set,111,,,,,-0.013329320343297778,ptsd
dACC,extinction,set,112,,,,,-0.07504862833336215,ptsd
dACC,extinction,set,113,,,,,0.3370024665337262,ptsd
dACC,extinction,set,114,,,,,-0.07688025336301471,ptsd
dACC,extinction,set,115,,,,,-0.020338838107378493,ptsd
dACC,extinction,set,116,,,,,-0.07329111520235715,ptsd
dACC,extinction,set,117,,,,,0.10558594273872818,ptsd
dACC,extinction,set,118,,,,,0.0013751045984689847,ptsd
dACC,extinction,set,120,,,,,-0.06050717692387645,ptsd
dACC,extinction,set,121,,,,,0.10936505228891297,ptsd
dACC,extinction,set,122,,,,,0.08466006451386471,ptsd
dACC,extinction,set,123,,,,,-0.11074778523622557,ptsd
dACC,extinction,set,124,,,,,-0.1664874025764461,ptsd
dACC,extinction,set,125,,,,,-0.054349596650890675,ptsd
